Site Name,Currently Being Observed,1953,1954,1955,1956,1957,1958,1959,1960,1961,1962,1963,1964,1965,1966,1967,1968,1969,1970,1971,1972,1973,1974,1975,1976,1977,1978,1979,1980,1981,1982,1983,1984,1985,1986,1987,1988,1989,1990,1991,1992,1993,1994,1995,1996,1997,1998,1999,2000,2001,2002,2003,2004,2005,2006,2007,2008,2009,2010,2011,2012,2013,2014,2015,2016,2017,2018,2019,2020,2021,2022,2023,2024,2025,30 Year Average 1991-2020,Notes,Latitude,Longitude
Wakkanai,True,1953-05-30 00:00:00,1954-05-27 00:00:00,1955-05-23 00:00:00,1956-05-14 00:00:00,1957-05-22 00:00:00,1958-05-25 00:00:00,1959-05-12 00:00:00,1960-05-24 00:00:00,1961-05-18 00:00:00,1962-05-17 00:00:00,1963-05-15 00:00:00,,1965-05-22 00:00:00,,,,,,,,,1974-05-22 00:00:00,1975-05-22 00:00:00,1976-05-23 00:00:00,1977-05-26 00:00:00,1978-05-19 00:00:00,1979-05-26 00:00:00,1980-05-27 00:00:00,1981-05-15 00:00:00,1982-05-18 00:00:00,1983-05-12 00:00:00,1984-05-26 00:00:00,1985-05-17 00:00:00,1986-05-18 00:00:00,1987-05-19 00:00:00,1988-05-20 00:00:00,1989-05-19 00:00:00,1990-05-09 00:00:00,1991-05-18 00:00:00,1992-05-19 00:00:00,1993-05-18 00:00:00,1994-05-19 00:00:00,1995-05-11 00:00:00,1996-05-25 00:00:00,1997-05-22 00:00:00,1998-05-14 00:00:00,1999-05-18 00:00:00,2000-05-21 00:00:00,2001-05-19 00:00:00,2002-05-02 00:00:00,2003-05-14 00:00:00,2004-05-12 00:00:00,2005-05-28 00:00:00,2006-05-20 00:00:00,2007-05-17 00:00:00,2008-05-05 00:00:00,2009-05-12 00:00:00,2010-05-25 00:00:00,2011-05-25 00:00:00,2012-05-18 00:00:00,2013-05-28 00:00:00,2014-05-13 00:00:00,2015-05-06 00:00:00,2016-05-15 00:00:00,2017-05-11 00:00:00,2018-05-15 00:00:00,2019-05-09 00:00:00,2020-05-12 00:00:00,2021-05-11 00:00:00,2022-05-09 00:00:00,2023-05-05 00:00:00,2024-05-04 00:00:00,2025-05-10 00:00:00,5 16,Sargent cherry (Prunus sargentii),45.4158108,141.6730309
Asahikawa,True,1953-05-16 00:00:00,1954-05-18 00:00:00,1955-05-14 00:00:00,1956-05-13 00:00:00,1957-05-14 00:00:00,1958-05-15 00:00:00,1959-05-13 00:00:00,1960-05-16 00:00:00,1961-05-12 00:00:00,1962-05-11 00:00:00,1963-05-13 00:00:00,1964-05-16 00:00:00,1965-05-19 00:00:00,1966-05-18 00:00:00,1967-05-08 00:00:00,1968-05-05 00:00:00,1969-05-09 00:00:00,1970-05-10 00:00:00,1971-05-15 00:00:00,1972-05-04 00:00:00,1973-05-11 00:00:00,1974-05-15 00:00:00,1975-05-12 00:00:00,1976-05-14 00:00:00,1977-05-14 00:00:00,1978-05-11 00:00:00,1979-05-15 00:00:00,1980-05-19 00:00:00,1981-05-07 00:00:00,1982-05-07 00:00:00,1983-04-29 00:00:00,1984-05-17 00:00:00,1985-05-06 00:00:00,1986-05-08 00:00:00,1987-05-10 00:00:00,1988-05-11 00:00:00,1989-05-06 00:00:00,1990-05-03 00:00:00,1991-05-07 00:00:00,1992-05-11 00:00:00,1993-05-11 00:00:00,1994-05-13 00:00:00,1995-05-04 00:00:00,1996-05-13 00:00:00,1997-05-07 00:00:00,1998-04-25 00:00:00,1999-05-08 00:00:00,2000-05-11 00:00:00,2001-05-07 00:00:00,2002-04-25 00:00:00,2003-05-04 00:00:00,2004-05-09 00:00:00,2005-05-17 00:00:00,2006-05-12 00:00:00,2007-05-08 00:00:00,2008-04-26 00:00:00,2009-05-04 00:00:00,2010-05-13 00:00:00,2011-05-12 00:00:00,2012-05-02 00:00:00,2013-05-20 00:00:00,2014-05-04 00:00:00,2015-04-28 00:00:00,2016-05-04 00:00:00,2017-05-05 00:00:00,2018-05-01 00:00:00,2019-05-04 00:00:00,2020-05-04 00:00:00,2021-05-03 00:00:00,2022-04-28 00:00:00,2023-04-28 00:00:00,2024-04-26 00:00:00,2025-05-02 00:00:00,5  7,Sargent cherry (Prunus sargentii),43.770625,142.3649743
Abashiri,True,1953-05-26 00:00:00,1954-05-19 00:00:00,1955-05-20 00:00:00,1956-05-13 00:00:00,,,1959-05-07 00:00:00,,,,,,,1966-05-21 00:00:00,,1968-05-10 00:00:00,1969-05-13 00:00:00,1970-05-10 00:00:00,1971-05-20 00:00:00,1972-05-06 00:00:00,1973-05-13 00:00:00,1974-05-18 00:00:00,1975-05-17 00:00:00,1976-05-16 00:00:00,1977-05-16 00:00:00,1978-05-14 00:00:00,1979-05-26 00:00:00,1980-05-23 00:00:00,1981-05-17 00:00:00,1982-05-13 00:00:00,1983-05-05 00:00:00,1984-05-26 00:00:00,1985-05-12 00:00:00,1986-05-10 00:00:00,1987-05-11 00:00:00,1988-05-15 00:00:00,1989-05-19 00:00:00,1990-05-09 00:00:00,1991-05-10 00:00:00,1992-05-16 00:00:00,1993-05-22 00:00:00,1994-05-17 00:00:00,1995-05-10 00:00:00,1996-05-27 00:00:00,1997-05-15 00:00:00,1998-05-01 00:00:00,1999-05-13 00:00:00,2000-05-21 00:00:00,2001-05-13 00:00:00,2002-05-01 00:00:00,2003-05-12 00:00:00,2004-05-13 00:00:00,2005-05-25 00:00:00,2006-05-17 00:00:00,2007-05-16 00:00:00,2008-05-05 00:00:00,2009-05-07 00:00:00,2010-05-18 00:00:00,2011-05-18 00:00:00,2012-05-05 00:00:00,2013-05-27 00:00:00,2014-05-11 00:00:00,2015-05-03 00:00:00,2016-05-10 00:00:00,2017-05-07 00:00:00,2018-05-06 00:00:00,2019-05-07 00:00:00,2020-05-09 00:00:00,2021-05-07 00:00:00,2022-04-30 00:00:00,2023-05-01 00:00:00,2024-04-30 00:00:00,2025-05-10 00:00:00,5 13,Sargent cherry (Prunus sargentii),44.0206027,144.2732035
Sapporo,True,1953-05-14 00:00:00,1954-05-08 00:00:00,1955-05-16 00:00:00,1956-05-09 00:00:00,1957-05-13 00:00:00,,1959-05-10 00:00:00,1960-05-09 00:00:00,1961-05-09 00:00:00,1962-05-05 00:00:00,1963-05-05 00:00:00,1964-05-07 00:00:00,1965-05-16 00:00:00,1966-05-11 00:00:00,1967-05-04 00:00:00,1968-05-04 00:00:00,1969-05-10 00:00:00,1970-05-09 00:00:00,1971-05-13 00:00:00,1972-05-01 00:00:00,1973-05-07 00:00:00,1974-05-13 00:00:00,1975-05-08 00:00:00,1976-05-10 00:00:00,1977-05-12 00:00:00,1978-05-13 00:00:00,1979-05-14 00:00:00,1980-05-18 00:00:00,1981-05-08 00:00:00,1982-05-08 00:00:00,1983-05-01 00:00:00,1984-05-21 00:00:00,1985-05-08 00:00:00,1986-05-09 00:00:00,1987-05-09 00:00:00,1988-05-07 00:00:00,1989-05-04 00:00:00,1990-04-29 00:00:00,1991-05-07 00:00:00,1992-05-10 00:00:00,1993-05-10 00:00:00,1994-05-09 00:00:00,1995-05-03 00:00:00,1996-05-12 00:00:00,1997-05-05 00:00:00,1998-04-26 00:00:00,1999-05-08 00:00:00,2000-05-11 00:00:00,2001-05-05 00:00:00,2002-04-25 00:00:00,2003-05-04 00:00:00,2004-05-09 00:00:00,2005-05-16 00:00:00,2006-05-12 00:00:00,2007-05-08 00:00:00,2008-04-25 00:00:00,2009-05-04 00:00:00,2010-05-14 00:00:00,2011-05-12 00:00:00,2012-05-02 00:00:00,2013-05-17 00:00:00,2014-05-01 00:00:00,2015-04-26 00:00:00,2016-05-01 00:00:00,2017-05-03 00:00:00,2018-04-29 00:00:00,2019-04-29 00:00:00,2020-05-02 00:00:00,2021-04-27 00:00:00,2022-04-25 00:00:00,2023-04-21 00:00:00,2024-04-24 00:00:00,2025-04-27 00:00:00,5  6,,43.061936,141.3542924
Obihiro,True,1953-05-19 00:00:00,1954-05-12 00:00:00,1955-05-14 00:00:00,1956-05-09 00:00:00,1957-05-14 00:00:00,1958-05-16 00:00:00,1959-05-05 00:00:00,1960-05-15 00:00:00,1961-05-09 00:00:00,1962-05-07 00:00:00,1963-05-10 00:00:00,1964-05-10 00:00:00,1965-05-17 00:00:00,1966-05-17 00:00:00,1967-05-05 00:00:00,1968-05-05 00:00:00,1969-05-10 00:00:00,1970-05-13 00:00:00,1971-05-16 00:00:00,1972-05-06 00:00:00,1973-05-09 00:00:00,1974-05-12 00:00:00,1975-05-14 00:00:00,1976-05-11 00:00:00,1977-05-13 00:00:00,1978-05-13 00:00:00,1979-05-17 00:00:00,1980-05-16 00:00:00,1981-05-07 00:00:00,1982-05-09 00:00:00,1983-05-03 00:00:00,1984-05-21 00:00:00,1985-05-06 00:00:00,1986-05-08 00:00:00,1987-05-08 00:00:00,1988-05-07 00:00:00,1989-05-07 00:00:00,1990-05-04 00:00:00,1991-05-06 00:00:00,1992-05-09 00:00:00,1993-05-11 00:00:00,1994-05-08 00:00:00,1995-05-07 00:00:00,1996-05-13 00:00:00,1997-05-03 00:00:00,1998-04-26 00:00:00,1999-05-07 00:00:00,2000-05-12 00:00:00,2001-05-01 00:00:00,2002-04-27 00:00:00,2003-05-03 00:00:00,2004-05-08 00:00:00,2005-05-10 00:00:00,2006-05-12 00:00:00,2007-05-08 00:00:00,2008-04-30 00:00:00,2009-05-04 00:00:00,2010-05-11 00:00:00,2011-05-09 00:00:00,2012-05-07 00:00:00,2013-05-16 00:00:00,2014-04-29 00:00:00,2015-04-28 00:00:00,2016-05-03 00:00:00,2017-05-02 00:00:00,2018-04-28 00:00:00,2019-04-30 00:00:00,2020-05-03 00:00:00,2021-04-27 00:00:00,2022-04-25 00:00:00,2023-04-22 00:00:00,2024-04-26 00:00:00,2025-05-03 00:00:00,5  5,Sargent cherry (Prunus sargentii),42.923809,143.1966324
Kushiro,True,,1954-05-28 00:00:00,1955-05-26 00:00:00,,1957-05-19 00:00:00,1958-05-29 00:00:00,1959-05-20 00:00:00,1960-05-28 00:00:00,1961-05-27 00:00:00,1962-05-10 00:00:00,1963-05-20 00:00:00,1964-05-24 00:00:00,1965-05-25 00:00:00,1966-05-20 00:00:00,1967-05-14 00:00:00,1968-05-23 00:00:00,1969-05-20 00:00:00,1970-05-21 00:00:00,1971-05-24 00:00:00,1972-05-10 00:00:00,1973-05-16 00:00:00,1974-05-20 00:00:00,1975-05-24 00:00:00,1976-05-20 00:00:00,1977-05-31 00:00:00,1978-05-29 00:00:00,1979-06-01 00:00:00,1980-05-28 00:00:00,1981-05-27 00:00:00,1982-05-21 00:00:00,1983-05-16 00:00:00,1984-06-04 00:00:00,1985-05-20 00:00:00,1986-05-19 00:00:00,1987-05-20 00:00:00,1988-05-21 00:00:00,1989-05-20 00:00:00,1990-05-12 00:00:00,1991-05-13 00:00:00,1992-05-20 00:00:00,1993-05-20 00:00:00,1994-05-17 00:00:00,1995-05-18 00:00:00,1996-05-31 00:00:00,1997-05-22 00:00:00,1998-05-18 00:00:00,1999-05-21 00:00:00,2000-05-21 00:00:00,2001-05-21 00:00:00,2002-05-13 00:00:00,2003-05-26 00:00:00,2004-05-19 00:00:00,2005-05-26 00:00:00,2006-05-21 00:00:00,2007-05-20 00:00:00,2008-05-19 00:00:00,2009-05-14 00:00:00,2010-05-22 00:00:00,2011-05-21 00:00:00,2012-05-20 00:00:00,2013-05-25 00:00:00,2014-05-14 00:00:00,2015-05-08 00:00:00,2016-05-13 00:00:00,2017-05-18 00:00:00,2018-05-14 00:00:00,2019-05-13 00:00:00,2020-05-13 00:00:00,2021-05-11 00:00:00,2022-05-10 00:00:00,2023-05-04 00:00:00,2024-05-05 00:00:00,2025-05-09 00:00:00,5 19,Sargent cherry (Prunus sargentii),42.9849503,144.3820491
Muroran,True,1953-05-17 00:00:00,1954-05-13 00:00:00,1955-05-23 00:00:00,1956-05-13 00:00:00,1957-05-14 00:00:00,1958-05-17 00:00:00,1959-04-30 00:00:00,1960-05-14 00:00:00,1961-05-11 00:00:00,1962-05-12 00:00:00,1963-05-10 00:00:00,1964-05-12 00:00:00,1965-05-20 00:00:00,1966-05-20 00:00:00,1967-05-08 00:00:00,1968-05-10 00:00:00,1969-05-12 00:00:00,1970-05-16 00:00:00,1971-05-15 00:00:00,1972-05-08 00:00:00,1973-05-14 00:00:00,1974-05-15 00:00:00,1975-05-11 00:00:00,1976-05-15 00:00:00,1977-05-14 00:00:00,1978-05-16 00:00:00,1979-05-19 00:00:00,1980-05-18 00:00:00,1981-05-10 00:00:00,1982-05-14 00:00:00,1983-05-04 00:00:00,1984-05-30 00:00:00,1985-05-18 00:00:00,1986-05-12 00:00:00,1987-05-13 00:00:00,1988-05-12 00:00:00,1989-05-07 00:00:00,1990-05-02 00:00:00,1991-05-07 00:00:00,1992-05-12 00:00:00,1993-05-09 00:00:00,1994-05-09 00:00:00,1995-05-09 00:00:00,1996-05-20 00:00:00,1997-05-06 00:00:00,1998-05-03 00:00:00,1999-05-13 00:00:00,2000-05-17 00:00:00,2001-05-14 00:00:00,2002-04-28 00:00:00,2003-05-06 00:00:00,2004-05-08 00:00:00,2005-05-20 00:00:00,2006-05-16 00:00:00,2007-05-12 00:00:00,2008-05-02 00:00:00,2009-05-07 00:00:00,2010-05-18 00:00:00,2011-05-13 00:00:00,2012-05-14 00:00:00,2013-05-21 00:00:00,2014-05-05 00:00:00,2015-05-01 00:00:00,2016-05-02 00:00:00,2017-05-04 00:00:00,2018-05-01 00:00:00,2019-05-04 00:00:00,2020-05-05 00:00:00,2021-05-04 00:00:00,2022-04-30 00:00:00,2023-04-27 00:00:00,2024-04-28 00:00:00,2025-05-03 00:00:00,5  9,,42.3152461,140.9740731
Hakodate,True,1953-05-09 00:00:00,1954-05-07 00:00:00,1955-05-14 00:00:00,1956-05-08 00:00:00,1957-05-12 00:00:00,1958-05-10 00:00:00,1959-05-02 00:00:00,1960-05-10 00:00:00,1961-05-05 00:00:00,1962-05-08 00:00:00,1963-05-08 00:00:00,1964-05-10 00:00:00,1965-05-16 00:00:00,1966-05-11 00:00:00,1967-05-09 00:00:00,1968-05-07 00:00:00,1969-05-08 00:00:00,1970-05-11 00:00:00,1971-05-14 00:00:00,1972-05-04 00:00:00,1973-05-07 00:00:00,1974-05-12 00:00:00,1975-05-07 00:00:00,1976-05-11 00:00:00,1977-05-12 00:00:00,1978-05-10 00:00:00,1979-05-11 00:00:00,1980-05-15 00:00:00,1981-05-06 00:00:00,1982-05-09 00:00:00,1983-04-30 00:00:00,1984-05-27 00:00:00,1985-05-09 00:00:00,1986-05-08 00:00:00,1987-05-08 00:00:00,1988-05-06 00:00:00,1989-05-01 00:00:00,1990-04-26 00:00:00,1991-05-02 00:00:00,1992-05-02 00:00:00,1993-05-02 00:00:00,1994-05-05 00:00:00,1995-05-03 00:00:00,1996-05-11 00:00:00,1997-05-01 00:00:00,1998-04-24 00:00:00,1999-05-02 00:00:00,2000-05-08 00:00:00,2001-05-03 00:00:00,2002-04-21 00:00:00,2003-05-02 00:00:00,2004-04-30 00:00:00,2005-05-05 00:00:00,2006-05-12 00:00:00,2007-05-04 00:00:00,2008-04-26 00:00:00,2009-05-01 00:00:00,2010-05-10 00:00:00,2011-05-06 00:00:00,2012-05-05 00:00:00,2013-05-12 00:00:00,2014-05-01 00:00:00,2015-04-24 00:00:00,2016-04-26 00:00:00,2017-04-30 00:00:00,2018-04-28 00:00:00,2019-04-29 00:00:00,2020-05-01 00:00:00,2021-04-23 00:00:00,2022-04-25 00:00:00,2023-04-20 00:00:00,2024-04-23 00:00:00,2025-04-28 00:00:00,5  2,,41.768793,140.729008
Aomori,True,,,,1956-05-02 00:00:00,1957-05-07 00:00:00,1958-05-04 00:00:00,1959-04-25 00:00:00,1960-05-01 00:00:00,1961-04-29 00:00:00,1962-04-30 00:00:00,1963-04-26 00:00:00,1964-05-02 00:00:00,1965-05-10 00:00:00,1966-05-05 00:00:00,1967-05-03 00:00:00,1968-05-03 00:00:00,1969-05-04 00:00:00,1970-05-07 00:00:00,1971-05-05 00:00:00,1972-04-29 00:00:00,1973-04-28 00:00:00,1974-05-07 00:00:00,1975-05-01 00:00:00,1976-05-04 00:00:00,1977-05-07 00:00:00,1978-05-04 00:00:00,1979-05-06 00:00:00,1980-05-09 00:00:00,1981-05-01 00:00:00,1982-05-04 00:00:00,1983-04-25 00:00:00,1984-05-18 00:00:00,1985-05-03 00:00:00,1986-05-05 00:00:00,1987-05-01 00:00:00,1988-05-01 00:00:00,1989-04-20 00:00:00,1990-04-23 00:00:00,1991-04-30 00:00:00,1992-04-27 00:00:00,1993-04-28 00:00:00,1994-04-27 00:00:00,1995-04-28 00:00:00,1996-05-03 00:00:00,1997-04-27 00:00:00,1998-04-20 00:00:00,1999-04-30 00:00:00,2000-05-03 00:00:00,2001-04-27 00:00:00,2002-04-16 00:00:00,2003-04-27 00:00:00,2004-04-21 00:00:00,2005-05-02 00:00:00,2006-05-06 00:00:00,2007-04-29 00:00:00,2008-04-21 00:00:00,2009-04-22 00:00:00,2010-05-02 00:00:00,2011-04-28 00:00:00,2012-05-01 00:00:00,2013-05-06 00:00:00,2014-04-25 00:00:00,2015-04-19 00:00:00,2016-04-21 00:00:00,2017-04-21 00:00:00,2018-04-22 00:00:00,2019-04-22 00:00:00,2020-04-21 00:00:00,2021-04-17 00:00:00,2022-04-20 00:00:00,2023-04-11 00:00:00,2024-04-18 00:00:00,2025-04-22 00:00:00,4 26,,40.886943,140.590121
Akita,True,1953-04-29 00:00:00,1954-04-22 00:00:00,1955-04-23 00:00:00,1956-04-26 00:00:00,1957-04-29 00:00:00,1958-04-29 00:00:00,1959-04-17 00:00:00,1960-04-27 00:00:00,1961-04-23 00:00:00,1962-04-24 00:00:00,1963-04-21 00:00:00,1964-04-23 00:00:00,1965-05-08 00:00:00,1966-04-25 00:00:00,1967-04-28 00:00:00,1968-04-24 00:00:00,1969-04-29 00:00:00,1970-05-01 00:00:00,1971-04-29 00:00:00,1972-04-22 00:00:00,1973-04-23 00:00:00,1974-04-30 00:00:00,1975-04-25 00:00:00,1976-04-28 00:00:00,1977-04-27 00:00:00,1978-04-30 00:00:00,1979-04-25 00:00:00,1980-04-28 00:00:00,1981-04-27 00:00:00,1982-04-24 00:00:00,1983-04-19 00:00:00,1984-05-05 00:00:00,1985-04-23 00:00:00,1986-04-25 00:00:00,1987-04-21 00:00:00,1988-04-28 00:00:00,1989-04-15 00:00:00,1990-04-13 00:00:00,1991-04-22 00:00:00,1992-04-22 00:00:00,1993-04-24 00:00:00,1994-04-24 00:00:00,1995-04-23 00:00:00,1996-04-30 00:00:00,1997-04-22 00:00:00,1998-04-16 00:00:00,1999-04-20 00:00:00,2000-04-25 00:00:00,2001-04-18 00:00:00,2002-04-12 00:00:00,2003-04-21 00:00:00,2004-04-16 00:00:00,2005-04-28 00:00:00,2006-04-26 00:00:00,2007-04-23 00:00:00,2008-04-15 00:00:00,2009-04-19 00:00:00,2010-04-28 00:00:00,2011-04-27 00:00:00,2012-04-26 00:00:00,2013-04-29 00:00:00,2014-04-24 00:00:00,2015-04-15 00:00:00,2016-04-19 00:00:00,2017-04-19 00:00:00,2018-04-20 00:00:00,2019-04-20 00:00:00,2020-04-15 00:00:00,2021-04-07 00:00:00,2022-04-16 00:00:00,2023-04-07 00:00:00,2024-04-14 00:00:00,2025-04-18 00:00:00,4 22,,39.6898802,140.342608
Morioka,True,1953-05-03 00:00:00,1954-04-26 00:00:00,1955-04-27 00:00:00,1956-04-28 00:00:00,1957-05-02 00:00:00,1958-04-29 00:00:00,1959-04-21 00:00:00,1960-04-29 00:00:00,1961-04-25 00:00:00,1962-04-25 00:00:00,1963-04-21 00:00:00,1964-04-23 00:00:00,1965-05-08 00:00:00,1966-04-25 00:00:00,1967-04-28 00:00:00,1968-04-23 00:00:00,1969-04-29 00:00:00,1970-05-01 00:00:00,1971-04-28 00:00:00,1972-04-25 00:00:00,1973-04-23 00:00:00,1974-05-02 00:00:00,1975-04-28 00:00:00,1976-05-01 00:00:00,1977-05-01 00:00:00,1978-05-02 00:00:00,1979-04-28 00:00:00,1980-05-04 00:00:00,1981-04-28 00:00:00,1982-04-26 00:00:00,1983-04-22 00:00:00,1984-05-09 00:00:00,1985-04-29 00:00:00,1986-05-01 00:00:00,1987-04-30 00:00:00,1988-04-30 00:00:00,1989-04-18 00:00:00,1990-04-21 00:00:00,1991-04-24 00:00:00,1992-04-26 00:00:00,1993-04-27 00:00:00,1994-04-25 00:00:00,1995-04-28 00:00:00,1996-05-01 00:00:00,1997-04-28 00:00:00,1998-04-16 00:00:00,1999-04-23 00:00:00,2000-04-29 00:00:00,2001-04-18 00:00:00,2002-04-16 00:00:00,2003-04-21 00:00:00,2004-04-17 00:00:00,2005-04-27 00:00:00,2006-04-30 00:00:00,2007-04-29 00:00:00,2008-04-17 00:00:00,2009-04-18 00:00:00,2010-05-02 00:00:00,2011-04-29 00:00:00,2012-04-28 00:00:00,2013-05-02 00:00:00,2014-04-21 00:00:00,2015-04-16 00:00:00,2016-04-18 00:00:00,2017-04-24 00:00:00,2018-04-20 00:00:00,2019-04-22 00:00:00,2020-04-20 00:00:00,2021-04-13 00:00:00,2022-04-18 00:00:00,2023-04-06 00:00:00,2024-04-14 00:00:00,2025-04-19 00:00:00,4 24,,39.7021331,141.1545397
Yamagata,True,1953-04-27 00:00:00,1954-04-18 00:00:00,1955-04-15 00:00:00,1956-04-21 00:00:00,1957-04-27 00:00:00,1958-04-23 00:00:00,1959-04-16 00:00:00,1960-04-24 00:00:00,1961-04-21 00:00:00,1962-04-22 00:00:00,1963-04-17 00:00:00,1964-04-17 00:00:00,1965-05-02 00:00:00,1966-04-22 00:00:00,1967-04-24 00:00:00,1968-04-21 00:00:00,1969-04-24 00:00:00,1970-04-28 00:00:00,1971-04-23 00:00:00,1972-04-17 00:00:00,1973-04-21 00:00:00,1974-04-28 00:00:00,1975-04-22 00:00:00,1976-04-23 00:00:00,1977-04-22 00:00:00,1978-04-27 00:00:00,1979-04-20 00:00:00,1980-04-27 00:00:00,1981-04-26 00:00:00,1982-04-21 00:00:00,1983-04-18 00:00:00,1984-05-04 00:00:00,1985-04-22 00:00:00,1986-04-24 00:00:00,1987-04-18 00:00:00,1988-04-27 00:00:00,1989-04-13 00:00:00,1990-04-12 00:00:00,1991-04-17 00:00:00,1992-04-16 00:00:00,1993-04-20 00:00:00,1994-04-18 00:00:00,1995-04-21 00:00:00,1996-04-25 00:00:00,1997-04-19 00:00:00,1998-04-13 00:00:00,1999-04-18 00:00:00,2000-04-24 00:00:00,2001-04-15 00:00:00,2002-04-06 00:00:00,2003-04-17 00:00:00,2004-04-13 00:00:00,2005-04-23 00:00:00,2006-04-23 00:00:00,2007-04-19 00:00:00,2008-04-16 00:00:00,2009-04-13 00:00:00,2010-04-25 00:00:00,2011-04-25 00:00:00,2012-04-26 00:00:00,2013-04-19 00:00:00,2014-04-17 00:00:00,2015-04-15 00:00:00,2016-04-10 00:00:00,2017-04-17 00:00:00,2018-04-11 00:00:00,2019-04-17 00:00:00,2020-04-09 00:00:00,2021-04-05 00:00:00,2022-04-13 00:00:00,2023-04-05 00:00:00,2024-04-10 00:00:00,2025-04-14 00:00:00,4 18,,38.4746705,140.083237
Sendai,True,1953-04-17 00:00:00,1954-04-12 00:00:00,1955-04-16 00:00:00,1956-04-19 00:00:00,1957-04-21 00:00:00,1958-04-15 00:00:00,1959-04-10 00:00:00,1960-04-17 00:00:00,1961-04-16 00:00:00,1962-04-21 00:00:00,1963-04-18 00:00:00,1964-04-19 00:00:00,1965-04-25 00:00:00,1966-04-18 00:00:00,1967-04-18 00:00:00,1968-04-14 00:00:00,1969-04-20 00:00:00,1970-04-25 00:00:00,1971-04-17 00:00:00,1972-04-16 00:00:00,1973-04-18 00:00:00,1974-04-24 00:00:00,1975-04-18 00:00:00,1976-04-19 00:00:00,1977-04-19 00:00:00,1978-04-25 00:00:00,1979-04-12 00:00:00,1980-04-20 00:00:00,1981-04-18 00:00:00,1982-04-16 00:00:00,1983-04-18 00:00:00,1984-05-03 00:00:00,1985-04-23 00:00:00,1986-04-24 00:00:00,1987-04-17 00:00:00,1988-04-21 00:00:00,1989-04-06 00:00:00,1990-04-08 00:00:00,1991-04-15 00:00:00,1992-04-15 00:00:00,1993-04-16 00:00:00,1994-04-15 00:00:00,1995-04-17 00:00:00,1996-04-24 00:00:00,1997-04-11 00:00:00,1998-04-11 00:00:00,1999-04-13 00:00:00,2000-04-18 00:00:00,2001-04-13 00:00:00,2002-04-03 00:00:00,2003-04-14 00:00:00,2004-04-10 00:00:00,2005-04-17 00:00:00,2006-04-18 00:00:00,2007-04-12 00:00:00,2008-04-11 00:00:00,2009-04-10 00:00:00,2010-04-21 00:00:00,2011-04-15 00:00:00,2012-04-23 00:00:00,2013-04-15 00:00:00,2014-04-11 00:00:00,2015-04-09 00:00:00,2016-04-06 00:00:00,2017-04-13 00:00:00,2018-04-04 00:00:00,2019-04-10 00:00:00,2020-04-03 00:00:00,2021-03-31 00:00:00,2022-04-11 00:00:00,2023-03-31 00:00:00,2024-04-09 00:00:00,2025-04-10 00:00:00,4 13,,38.2677554,140.8691498
Fukushima,True,1953-04-11 00:00:00,1954-04-09 00:00:00,1955-04-11 00:00:00,1956-04-16 00:00:00,1957-04-19 00:00:00,1958-04-09 00:00:00,1959-04-08 00:00:00,1960-04-14 00:00:00,1961-04-14 00:00:00,1962-04-16 00:00:00,1963-04-13 00:00:00,1964-04-13 00:00:00,1965-04-24 00:00:00,1966-04-14 00:00:00,1967-04-14 00:00:00,1968-04-11 00:00:00,1969-04-14 00:00:00,1970-04-21 00:00:00,1971-04-14 00:00:00,1972-04-11 00:00:00,1973-04-14 00:00:00,1974-04-22 00:00:00,1975-04-15 00:00:00,1976-04-16 00:00:00,1977-04-15 00:00:00,1978-04-22 00:00:00,1979-04-11 00:00:00,1980-04-16 00:00:00,1981-04-15 00:00:00,1982-04-13 00:00:00,1983-04-14 00:00:00,1984-04-28 00:00:00,1985-04-19 00:00:00,1986-04-22 00:00:00,1987-04-10 00:00:00,1988-04-20 00:00:00,1989-04-06 00:00:00,1990-04-07 00:00:00,1991-04-12 00:00:00,1992-04-10 00:00:00,1993-04-16 00:00:00,1994-04-13 00:00:00,1995-04-15 00:00:00,1996-04-23 00:00:00,1997-04-10 00:00:00,1998-04-10 00:00:00,1999-04-11 00:00:00,2000-04-17 00:00:00,2001-04-10 00:00:00,2002-04-02 00:00:00,2003-04-12 00:00:00,2004-04-08 00:00:00,2005-04-16 00:00:00,2006-04-15 00:00:00,2007-04-09 00:00:00,2008-04-11 00:00:00,2009-04-09 00:00:00,2010-04-13 00:00:00,2011-04-15 00:00:00,2012-04-20 00:00:00,2013-04-08 00:00:00,2014-04-11 00:00:00,2015-04-06 00:00:00,2016-04-03 00:00:00,2017-04-12 00:00:00,2018-04-02 00:00:00,2019-04-08 00:00:00,2020-04-01 00:00:00,2021-03-29 00:00:00,2022-04-08 00:00:00,2023-03-28 00:00:00,2024-04-07 00:00:00,2025-04-08 00:00:00,4 11,,37.760777,140.4745807
Niigata,True,1953-04-20 00:00:00,1954-04-15 00:00:00,1955-04-13 00:00:00,1956-04-19 00:00:00,1957-04-24 00:00:00,1958-04-21 00:00:00,1959-04-12 00:00:00,1960-04-18 00:00:00,1961-04-19 00:00:00,1962-04-18 00:00:00,1963-04-16 00:00:00,1964-04-14 00:00:00,1965-04-24 00:00:00,1966-04-18 00:00:00,1967-04-16 00:00:00,1968-04-15 00:00:00,1969-04-21 00:00:00,1970-04-24 00:00:00,1971-04-17 00:00:00,1972-04-14 00:00:00,1973-04-14 00:00:00,1974-04-23 00:00:00,1975-04-17 00:00:00,1976-04-20 00:00:00,1977-04-16 00:00:00,1978-04-21 00:00:00,1979-04-11 00:00:00,1980-04-21 00:00:00,1981-04-18 00:00:00,1982-04-14 00:00:00,1983-04-16 00:00:00,1984-04-29 00:00:00,1985-04-15 00:00:00,1986-04-21 00:00:00,1987-04-15 00:00:00,1988-04-20 00:00:00,1989-04-07 00:00:00,1990-04-06 00:00:00,1991-04-15 00:00:00,1992-04-09 00:00:00,1993-04-16 00:00:00,1994-04-15 00:00:00,1995-04-15 00:00:00,1996-04-22 00:00:00,1997-04-11 00:00:00,1998-04-10 00:00:00,1999-04-12 00:00:00,2000-04-18 00:00:00,2001-04-11 00:00:00,2002-04-04 00:00:00,2003-04-13 00:00:00,2004-04-09 00:00:00,2005-04-20 00:00:00,2006-04-16 00:00:00,2007-04-13 00:00:00,2008-04-09 00:00:00,2009-04-13 00:00:00,2010-04-17 00:00:00,2011-04-18 00:00:00,2012-04-20 00:00:00,2013-04-12 00:00:00,2014-04-12 00:00:00,2015-04-09 00:00:00,2016-04-07 00:00:00,2017-04-13 00:00:00,2018-04-05 00:00:00,2019-04-12 00:00:00,2020-04-07 00:00:00,2021-03-31 00:00:00,2022-04-11 00:00:00,2023-03-31 00:00:00,2024-04-11 00:00:00,2025-04-09 00:00:00,4 13,,37.6452283,138.7669125
Kanazawa,True,1953-04-10 00:00:00,1954-04-05 00:00:00,1955-04-08 00:00:00,1956-04-15 00:00:00,1957-04-16 00:00:00,1958-04-08 00:00:00,1959-04-01 00:00:00,1960-04-05 00:00:00,1961-04-10 00:00:00,1962-04-11 00:00:00,1963-04-14 00:00:00,1964-04-13 00:00:00,1965-04-18 00:00:00,1966-04-10 00:00:00,1967-04-09 00:00:00,1968-04-13 00:00:00,1969-04-13 00:00:00,1970-04-19 00:00:00,1971-04-12 00:00:00,1972-04-07 00:00:00,1973-04-10 00:00:00,1974-04-14 00:00:00,1975-04-12 00:00:00,1976-04-14 00:00:00,1977-04-11 00:00:00,1978-04-15 00:00:00,1979-04-07 00:00:00,1980-04-10 00:00:00,1981-04-13 00:00:00,1982-04-06 00:00:00,1983-04-11 00:00:00,1984-04-20 00:00:00,1985-04-11 00:00:00,1986-04-14 00:00:00,1987-04-06 00:00:00,1988-04-17 00:00:00,1989-04-02 00:00:00,1990-04-02 00:00:00,1991-04-11 00:00:00,1992-04-07 00:00:00,1993-04-16 00:00:00,1994-04-14 00:00:00,1995-04-12 00:00:00,1996-04-17 00:00:00,1997-04-08 00:00:00,1998-04-07 00:00:00,1999-04-07 00:00:00,2000-04-12 00:00:00,2001-04-07 00:00:00,2002-04-01 00:00:00,2003-04-09 00:00:00,2004-04-01 00:00:00,2005-04-11 00:00:00,2006-04-12 00:00:00,2007-04-09 00:00:00,2008-04-06 00:00:00,2009-04-10 00:00:00,2010-04-06 00:00:00,2011-04-12 00:00:00,2012-04-13 00:00:00,2013-04-05 00:00:00,2014-04-07 00:00:00,2015-04-04 00:00:00,2016-04-04 00:00:00,2017-04-08 00:00:00,2018-04-03 00:00:00,2019-04-06 00:00:00,2020-04-01 00:00:00,2021-03-29 00:00:00,2022-04-05 00:00:00,2023-03-30 00:00:00,2024-04-08 00:00:00,2025-04-06 00:00:00,4  8,,36.561627,136.6568822
Toyama,True,1953-04-12 00:00:00,1954-04-08 00:00:00,1955-04-10 00:00:00,1956-04-15 00:00:00,1957-04-20 00:00:00,1958-04-11 00:00:00,1959-04-06 00:00:00,1960-04-09 00:00:00,1961-04-13 00:00:00,1962-04-13 00:00:00,1963-04-14 00:00:00,1964-04-14 00:00:00,1965-04-22 00:00:00,1966-04-15 00:00:00,1967-04-13 00:00:00,1968-04-13 00:00:00,1969-04-15 00:00:00,1970-04-19 00:00:00,1971-04-13 00:00:00,1972-04-13 00:00:00,1973-04-11 00:00:00,1974-04-17 00:00:00,1975-04-14 00:00:00,1976-04-12 00:00:00,1977-04-14 00:00:00,1978-04-18 00:00:00,1979-04-07 00:00:00,1980-04-13 00:00:00,1981-04-14 00:00:00,1982-04-06 00:00:00,1983-04-13 00:00:00,1984-04-24 00:00:00,1985-04-14 00:00:00,1986-04-15 00:00:00,1987-04-08 00:00:00,1988-04-18 00:00:00,1989-04-03 00:00:00,1990-04-04 00:00:00,1991-04-15 00:00:00,1992-04-10 00:00:00,1993-04-16 00:00:00,1994-04-15 00:00:00,1995-04-11 00:00:00,1996-04-17 00:00:00,1997-04-07 00:00:00,1998-04-05 00:00:00,1999-04-06 00:00:00,2000-04-14 00:00:00,2001-04-09 00:00:00,2002-04-01 00:00:00,2003-04-11 00:00:00,2004-04-01 00:00:00,2005-04-12 00:00:00,2006-04-12 00:00:00,2007-04-08 00:00:00,2008-04-06 00:00:00,2009-04-08 00:00:00,2010-04-06 00:00:00,2011-04-11 00:00:00,2012-04-16 00:00:00,2013-04-06 00:00:00,2014-04-08 00:00:00,2015-04-04 00:00:00,2016-04-01 00:00:00,2017-04-08 00:00:00,2018-03-30 00:00:00,2019-04-05 00:00:00,2020-04-03 00:00:00,2021-03-28 00:00:00,2022-04-06 00:00:00,2023-03-27 00:00:00,2024-04-10 00:00:00,2025-04-06 00:00:00,4  8,,36.6468015,137.2183531
Nagano,True,1953-04-24 00:00:00,1954-04-13 00:00:00,1955-04-13 00:00:00,1956-04-17 00:00:00,1957-04-23 00:00:00,1958-04-19 00:00:00,1959-04-12 00:00:00,1960-04-23 00:00:00,1961-04-20 00:00:00,1962-04-22 00:00:00,1963-04-18 00:00:00,1964-04-17 00:00:00,1965-05-03 00:00:00,1966-04-23 00:00:00,1967-04-21 00:00:00,1968-04-21 00:00:00,1969-04-22 00:00:00,1970-04-28 00:00:00,1971-04-20 00:00:00,1972-04-17 00:00:00,1973-04-20 00:00:00,1974-04-22 00:00:00,1975-04-19 00:00:00,1976-04-20 00:00:00,1977-04-18 00:00:00,1978-04-25 00:00:00,1979-04-11 00:00:00,1980-04-22 00:00:00,1981-04-23 00:00:00,1982-04-19 00:00:00,1983-04-16 00:00:00,1984-04-29 00:00:00,1985-04-18 00:00:00,1986-04-23 00:00:00,1987-04-16 00:00:00,1988-04-25 00:00:00,1989-04-11 00:00:00,1990-04-11 00:00:00,1991-04-15 00:00:00,1992-04-16 00:00:00,1993-04-21 00:00:00,1994-04-18 00:00:00,1995-04-21 00:00:00,1996-04-26 00:00:00,1997-04-16 00:00:00,1998-04-13 00:00:00,1999-04-13 00:00:00,2000-04-22 00:00:00,2001-04-13 00:00:00,2002-04-05 00:00:00,2003-04-18 00:00:00,2004-04-11 00:00:00,2005-04-19 00:00:00,2006-04-20 00:00:00,2007-04-14 00:00:00,2008-04-16 00:00:00,2009-04-12 00:00:00,2010-04-13 00:00:00,2011-04-21 00:00:00,2012-04-21 00:00:00,2013-04-15 00:00:00,2014-04-17 00:00:00,2015-04-10 00:00:00,2016-04-08 00:00:00,2017-04-17 00:00:00,2018-04-06 00:00:00,2019-04-18 00:00:00,2020-04-13 00:00:00,2021-04-01 00:00:00,2022-04-11 00:00:00,2023-04-03 00:00:00,2024-04-13 00:00:00,2025-04-13 00:00:00,4 16,,36.1143945,138.0319015
Utsunomiya,True,1953-04-12 00:00:00,1954-04-07 00:00:00,1955-04-08 00:00:00,1956-04-15 00:00:00,1957-04-14 00:00:00,1958-04-11 00:00:00,1959-04-06 00:00:00,1960-04-08 00:00:00,1961-04-10 00:00:00,1962-04-12 00:00:00,1963-04-12 00:00:00,1964-04-11 00:00:00,1965-04-16 00:00:00,1966-04-07 00:00:00,1967-04-09 00:00:00,1968-04-09 00:00:00,1969-04-13 00:00:00,1970-04-19 00:00:00,1971-04-10 00:00:00,1972-04-05 00:00:00,1973-04-08 00:00:00,1974-04-12 00:00:00,1975-04-11 00:00:00,1976-04-11 00:00:00,1977-04-08 00:00:00,1978-04-16 00:00:00,1979-04-04 00:00:00,1980-04-13 00:00:00,1981-04-12 00:00:00,1982-04-07 00:00:00,1983-04-12 00:00:00,1984-04-24 00:00:00,1985-04-11 00:00:00,1986-04-16 00:00:00,1987-04-08 00:00:00,1988-04-15 00:00:00,1989-04-06 00:00:00,1990-04-02 00:00:00,1991-04-09 00:00:00,1992-04-04 00:00:00,1993-04-11 00:00:00,1994-04-08 00:00:00,1995-04-10 00:00:00,1996-04-15 00:00:00,1997-04-04 00:00:00,1998-04-06 00:00:00,1999-04-05 00:00:00,2000-04-12 00:00:00,2001-04-06 00:00:00,2002-03-25 00:00:00,2003-04-07 00:00:00,2004-03-31 00:00:00,2005-04-09 00:00:00,2006-04-04 00:00:00,2007-04-04 00:00:00,2008-04-03 00:00:00,2009-04-06 00:00:00,2010-04-08 00:00:00,2011-04-12 00:00:00,2012-04-12 00:00:00,2013-03-29 00:00:00,2014-04-04 00:00:00,2015-04-02 00:00:00,2016-04-04 00:00:00,2017-04-09 00:00:00,2018-03-29 00:00:00,2019-04-09 00:00:00,2020-04-03 00:00:00,2021-03-31 00:00:00,2022-04-02 00:00:00,2023-03-30 00:00:00,2024-04-11 00:00:00,2025-04-09 00:00:00,4  6,,36.5549677,139.8828776
Fukui,True,1953-04-12 00:00:00,1954-04-06 00:00:00,1955-04-09 00:00:00,1956-04-14 00:00:00,1957-04-17 00:00:00,1958-04-07 00:00:00,1959-04-04 00:00:00,1960-04-05 00:00:00,1961-04-10 00:00:00,1962-04-12 00:00:00,1963-04-12 00:00:00,1964-04-12 00:00:00,1965-04-19 00:00:00,1966-04-09 00:00:00,1967-04-07 00:00:00,1968-04-11 00:00:00,1969-04-13 00:00:00,1970-04-19 00:00:00,1971-04-13 00:00:00,1972-04-10 00:00:00,1973-04-09 00:00:00,1974-04-12 00:00:00,1975-04-12 00:00:00,1976-04-10 00:00:00,1977-04-13 00:00:00,1978-04-15 00:00:00,1979-04-06 00:00:00,1980-04-11 00:00:00,1981-04-13 00:00:00,1982-04-05 00:00:00,1983-04-10 00:00:00,1984-04-21 00:00:00,1985-04-11 00:00:00,1986-04-14 00:00:00,1987-04-07 00:00:00,1988-04-18 00:00:00,1989-04-01 00:00:00,1990-04-01 00:00:00,1991-04-10 00:00:00,1992-04-05 00:00:00,1993-04-14 00:00:00,1994-04-11 00:00:00,1995-04-09 00:00:00,1996-04-14 00:00:00,1997-04-04 00:00:00,1998-04-04 00:00:00,1999-04-02 00:00:00,2000-04-13 00:00:00,2001-04-08 00:00:00,2002-03-31 00:00:00,2003-04-07 00:00:00,2004-04-01 00:00:00,2005-04-12 00:00:00,2006-04-12 00:00:00,2007-04-09 00:00:00,2008-04-06 00:00:00,2009-04-07 00:00:00,2010-04-06 00:00:00,2011-04-13 00:00:00,2012-04-13 00:00:00,2013-04-02 00:00:00,2014-04-03 00:00:00,2015-04-03 00:00:00,2016-03-31 00:00:00,2017-04-07 00:00:00,2018-04-02 00:00:00,2019-04-05 00:00:00,2020-03-31 00:00:00,2021-03-27 00:00:00,2022-04-06 00:00:00,2023-03-27 00:00:00,2024-04-06 00:00:00,2025-04-09 00:00:00,4  7,,35.9263502,136.6068127
Maebashi,True,1953-04-17 00:00:00,1954-04-04 00:00:00,1955-04-10 00:00:00,1956-04-13 00:00:00,1957-04-14 00:00:00,1958-04-09 00:00:00,1959-04-04 00:00:00,1960-04-08 00:00:00,1961-04-08 00:00:00,1962-04-10 00:00:00,1963-04-09 00:00:00,1964-04-10 00:00:00,1965-04-16 00:00:00,1966-04-07 00:00:00,1967-04-05 00:00:00,1968-04-09 00:00:00,1969-04-13 00:00:00,1970-04-17 00:00:00,1971-04-10 00:00:00,1972-04-06 00:00:00,1973-04-09 00:00:00,1974-04-11 00:00:00,1975-04-10 00:00:00,1976-04-07 00:00:00,1977-04-04 00:00:00,1978-04-15 00:00:00,1979-04-06 00:00:00,1980-04-12 00:00:00,1981-04-08 00:00:00,1982-04-03 00:00:00,1983-04-10 00:00:00,1984-04-21 00:00:00,1985-04-11 00:00:00,1986-04-14 00:00:00,1987-04-04 00:00:00,1988-04-13 00:00:00,1989-04-02 00:00:00,1990-03-30 00:00:00,1991-04-08 00:00:00,1992-04-02 00:00:00,1993-04-04 00:00:00,1994-04-07 00:00:00,1995-04-11 00:00:00,1996-04-10 00:00:00,1997-04-03 00:00:00,1998-04-01 00:00:00,1999-04-04 00:00:00,2000-04-10 00:00:00,2001-04-04 00:00:00,2002-03-28 00:00:00,2003-04-08 00:00:00,2004-03-31 00:00:00,2005-04-08 00:00:00,2006-04-04 00:00:00,2007-04-07 00:00:00,2008-03-31 00:00:00,2009-04-08 00:00:00,2010-04-06 00:00:00,2011-04-11 00:00:00,2012-04-12 00:00:00,2013-04-01 00:00:00,2014-04-03 00:00:00,2015-04-01 00:00:00,2016-04-01 00:00:00,2017-04-07 00:00:00,2018-03-28 00:00:00,2019-04-07 00:00:00,2020-03-26 00:00:00,2021-03-28 00:00:00,2022-04-01 00:00:00,2023-03-24 00:00:00,2024-04-08 00:00:00,2025-04-07 00:00:00,4  5,,36.3893418,139.0632826
Kumagaya,True,1953-04-09 00:00:00,1954-04-05 00:00:00,1955-04-08 00:00:00,1956-04-13 00:00:00,1957-04-12 00:00:00,1958-04-09 00:00:00,1959-04-04 00:00:00,1960-04-07 00:00:00,1961-04-08 00:00:00,1962-04-10 00:00:00,1963-04-11 00:00:00,1964-04-08 00:00:00,1965-04-13 00:00:00,1966-04-07 00:00:00,1967-04-05 00:00:00,1968-04-06 00:00:00,1969-04-13 00:00:00,1970-04-16 00:00:00,1971-04-08 00:00:00,1972-04-03 00:00:00,1973-04-09 00:00:00,1974-04-12 00:00:00,1975-04-11 00:00:00,1976-04-10 00:00:00,1977-04-03 00:00:00,1978-04-11 00:00:00,1979-04-03 00:00:00,1980-04-12 00:00:00,1981-04-07 00:00:00,1982-04-03 00:00:00,1983-04-10 00:00:00,1984-04-20 00:00:00,1985-04-09 00:00:00,1986-04-12 00:00:00,1987-04-04 00:00:00,1988-04-13 00:00:00,1989-04-04 00:00:00,1990-04-01 00:00:00,1991-04-08 00:00:00,1992-04-01 00:00:00,1993-04-04 00:00:00,1994-04-06 00:00:00,1995-04-09 00:00:00,1996-04-09 00:00:00,1997-04-04 00:00:00,1998-04-07 00:00:00,1999-04-05 00:00:00,2000-04-08 00:00:00,2001-04-03 00:00:00,2002-03-22 00:00:00,2003-04-04 00:00:00,2004-03-31 00:00:00,2005-04-08 00:00:00,2006-04-03 00:00:00,2007-04-01 00:00:00,2008-03-29 00:00:00,2009-04-05 00:00:00,2010-04-06 00:00:00,2011-04-08 00:00:00,2012-04-10 00:00:00,2013-03-26 00:00:00,2014-04-01 00:00:00,2015-03-30 00:00:00,2016-04-01 00:00:00,2017-04-07 00:00:00,2018-03-26 00:00:00,2019-04-04 00:00:00,2020-03-25 00:00:00,2021-03-29 00:00:00,2022-03-30 00:00:00,2023-03-26 00:00:00,2024-04-08 00:00:00,2025-04-07 00:00:00,4  3,,36.1472472,139.3886141
Mito,True,1953-04-09 00:00:00,1954-04-06 00:00:00,1955-04-08 00:00:00,1956-04-15 00:00:00,1957-04-14 00:00:00,1958-04-11 00:00:00,1959-04-06 00:00:00,1960-04-10 00:00:00,1961-04-10 00:00:00,1962-04-15 00:00:00,1963-04-13 00:00:00,1964-04-11 00:00:00,1965-04-16 00:00:00,1966-04-08 00:00:00,1967-04-07 00:00:00,1968-04-10 00:00:00,1969-04-13 00:00:00,1970-04-21 00:00:00,1971-04-12 00:00:00,1972-04-05 00:00:00,1973-04-08 00:00:00,1974-04-14 00:00:00,1975-04-12 00:00:00,1976-04-13 00:00:00,1977-04-11 00:00:00,1978-04-16 00:00:00,1979-04-06 00:00:00,1980-04-14 00:00:00,1981-04-15 00:00:00,1982-04-08 00:00:00,1983-04-14 00:00:00,1984-04-27 00:00:00,1985-04-14 00:00:00,1986-04-16 00:00:00,1987-04-05 00:00:00,1988-04-14 00:00:00,1989-04-03 00:00:00,1990-03-30 00:00:00,1991-04-10 00:00:00,1992-04-06 00:00:00,1993-04-14 00:00:00,1994-04-07 00:00:00,1995-04-11 00:00:00,1996-04-14 00:00:00,1997-04-02 00:00:00,1998-04-08 00:00:00,1999-04-05 00:00:00,2000-04-08 00:00:00,2001-04-05 00:00:00,2002-03-28 00:00:00,2003-04-09 00:00:00,2004-03-31 00:00:00,2005-04-09 00:00:00,2006-04-04 00:00:00,2007-04-02 00:00:00,2008-04-03 00:00:00,2009-04-08 00:00:00,2010-04-07 00:00:00,2011-04-12 00:00:00,2012-04-12 00:00:00,2013-04-01 00:00:00,2014-04-02 00:00:00,2015-04-04 00:00:00,2016-04-06 00:00:00,2017-04-10 00:00:00,2018-03-28 00:00:00,2019-04-05 00:00:00,2020-03-31 00:00:00,2021-03-30 00:00:00,2022-04-06 00:00:00,2023-03-27 00:00:00,2024-04-08 00:00:00,2025-04-08 00:00:00,4  6,,-11.9365814,-75.3384517
Gifu,True,1953-04-09 00:00:00,1954-04-05 00:00:00,1955-04-01 00:00:00,1956-04-07 00:00:00,1957-04-12 00:00:00,1958-04-08 00:00:00,1959-04-03 00:00:00,1960-04-03 00:00:00,1961-04-07 00:00:00,1962-04-12 00:00:00,1963-04-09 00:00:00,1964-04-09 00:00:00,1965-04-16 00:00:00,1966-04-06 00:00:00,1967-04-05 00:00:00,1968-04-09 00:00:00,1969-04-11 00:00:00,1970-04-15 00:00:00,1971-04-07 00:00:00,1972-04-05 00:00:00,1973-04-08 00:00:00,1974-04-10 00:00:00,1975-04-08 00:00:00,1976-04-02 00:00:00,1977-04-02 00:00:00,1978-04-11 00:00:00,1979-04-05 00:00:00,1980-04-07 00:00:00,1981-04-07 00:00:00,1982-03-30 00:00:00,1983-04-07 00:00:00,1984-04-16 00:00:00,1985-04-05 00:00:00,1986-04-07 00:00:00,1987-04-06 00:00:00,1988-04-10 00:00:00,1989-03-29 00:00:00,1990-03-27 00:00:00,1991-04-06 00:00:00,1992-03-31 00:00:00,1993-04-05 00:00:00,1994-04-05 00:00:00,1995-04-05 00:00:00,1996-04-08 00:00:00,1997-03-30 00:00:00,1998-03-31 00:00:00,1999-04-01 00:00:00,2000-04-10 00:00:00,2001-04-06 00:00:00,2002-03-27 00:00:00,2003-03-31 00:00:00,2004-04-01 00:00:00,2005-04-08 00:00:00,2006-04-05 00:00:00,2007-04-02 00:00:00,2008-03-29 00:00:00,2009-04-01 00:00:00,2010-03-31 00:00:00,2011-04-04 00:00:00,2012-04-06 00:00:00,2013-03-29 00:00:00,2014-03-31 00:00:00,2015-03-30 00:00:00,2016-03-31 00:00:00,2017-04-04 00:00:00,2018-03-26 00:00:00,2019-04-02 00:00:00,2020-04-01 00:00:00,2021-03-27 00:00:00,2022-03-28 00:00:00,2023-03-23 00:00:00,2024-04-04 00:00:00,2025-03-31 00:00:00,4  2,,35.7867449,137.0460777
Nagoya,True,1953-04-12 00:00:00,1954-04-04 00:00:00,1955-04-03 00:00:00,1956-04-09 00:00:00,1957-04-13 00:00:00,1958-04-07 00:00:00,1959-03-30 00:00:00,1960-04-04 00:00:00,1961-04-06 00:00:00,1962-04-12 00:00:00,1963-04-06 00:00:00,1964-04-07 00:00:00,1965-04-16 00:00:00,1966-04-03 00:00:00,1967-04-05 00:00:00,1968-04-05 00:00:00,1969-04-07 00:00:00,1970-04-12 00:00:00,1971-04-05 00:00:00,1972-04-02 00:00:00,1973-04-08 00:00:00,1974-04-08 00:00:00,1975-04-07 00:00:00,1976-04-01 00:00:00,1977-04-02 00:00:00,1978-04-11 00:00:00,1979-04-07 00:00:00,1980-04-06 00:00:00,1981-04-05 00:00:00,1982-03-31 00:00:00,1983-04-06 00:00:00,1984-04-15 00:00:00,1985-04-06 00:00:00,1986-04-06 00:00:00,1987-04-06 00:00:00,1988-04-10 00:00:00,1989-03-30 00:00:00,1990-03-27 00:00:00,1991-04-05 00:00:00,1992-03-31 00:00:00,1993-04-04 00:00:00,1994-04-05 00:00:00,1995-04-06 00:00:00,1996-04-06 00:00:00,1997-03-30 00:00:00,1998-03-30 00:00:00,1999-04-01 00:00:00,2000-04-08 00:00:00,2001-04-03 00:00:00,2002-03-28 00:00:00,2003-03-31 00:00:00,2004-04-03 00:00:00,2005-04-08 00:00:00,2006-04-06 00:00:00,2007-04-02 00:00:00,2008-03-29 00:00:00,2009-04-03 00:00:00,2010-04-02 00:00:00,2011-04-06 00:00:00,2012-04-06 00:00:00,2013-03-28 00:00:00,2014-03-31 00:00:00,2015-03-30 00:00:00,2016-03-31 00:00:00,2017-04-06 00:00:00,2018-03-27 00:00:00,2019-04-04 00:00:00,2020-04-01 00:00:00,2021-03-28 00:00:00,2022-03-30 00:00:00,2023-03-27 00:00:00,2024-04-07 00:00:00,2025-04-04 00:00:00,4  2,,35.1851045,136.8998438
Kofu,True,1953-04-08 00:00:00,1954-04-04 00:00:00,1955-04-03 00:00:00,1956-04-07 00:00:00,1957-04-09 00:00:00,1958-04-05 00:00:00,1959-03-30 00:00:00,1960-03-31 00:00:00,1961-04-06 00:00:00,1962-04-08 00:00:00,1963-04-06 00:00:00,1964-04-05 00:00:00,1965-04-12 00:00:00,1966-04-02 00:00:00,1967-04-04 00:00:00,1968-04-06 00:00:00,1969-04-09 00:00:00,1970-04-12 00:00:00,1971-04-02 00:00:00,1972-03-31 00:00:00,1973-04-05 00:00:00,1974-04-06 00:00:00,1975-04-06 00:00:00,1976-03-31 00:00:00,1977-04-01 00:00:00,1978-04-10 00:00:00,1979-04-01 00:00:00,1980-04-05 00:00:00,1981-04-06 00:00:00,1982-04-01 00:00:00,1983-04-08 00:00:00,1984-04-16 00:00:00,1985-04-06 00:00:00,1986-04-12 00:00:00,1987-04-05 00:00:00,1988-04-11 00:00:00,1989-04-01 00:00:00,1990-03-26 00:00:00,1991-04-05 00:00:00,1992-04-01 00:00:00,1993-04-02 00:00:00,1994-04-04 00:00:00,1995-04-07 00:00:00,1996-04-08 00:00:00,1997-03-30 00:00:00,1998-03-30 00:00:00,1999-03-28 00:00:00,2000-04-07 00:00:00,2001-04-02 00:00:00,2002-03-22 00:00:00,2003-04-01 00:00:00,2004-03-31 00:00:00,2005-04-07 00:00:00,2006-03-29 00:00:00,2007-03-30 00:00:00,2008-03-28 00:00:00,2009-03-31 00:00:00,2010-03-28 00:00:00,2011-04-08 00:00:00,2012-04-07 00:00:00,2013-03-26 00:00:00,2014-04-04 00:00:00,2015-03-31 00:00:00,2016-04-03 00:00:00,2017-04-09 00:00:00,2018-03-29 00:00:00,2019-04-07 00:00:00,2020-04-02 00:00:00,2021-03-29 00:00:00,2022-03-28 00:00:00,2023-03-24 00:00:00,2024-04-05 00:00:00,2025-04-04 00:00:00,4  2,,35.6652481,138.5710441
Choshi,True,1953-04-05 00:00:00,1954-04-05 00:00:00,1955-04-04 00:00:00,1956-04-11 00:00:00,1957-04-09 00:00:00,1958-04-07 00:00:00,1959-04-02 00:00:00,1960-03-30 00:00:00,1961-04-08 00:00:00,1962-04-08 00:00:00,1963-04-11 00:00:00,1964-04-13 00:00:00,1965-04-17 00:00:00,1966-04-05 00:00:00,1967-04-06 00:00:00,1968-04-04 00:00:00,1969-04-11 00:00:00,1970-04-17 00:00:00,1971-04-08 00:00:00,1972-04-07 00:00:00,1973-04-08 00:00:00,1974-04-07 00:00:00,1975-04-10 00:00:00,1976-04-07 00:00:00,1977-04-02 00:00:00,1978-04-16 00:00:00,1979-04-06 00:00:00,1980-04-14 00:00:00,1981-04-13 00:00:00,1982-04-03 00:00:00,1983-04-13 00:00:00,1984-04-23 00:00:00,1985-04-09 00:00:00,1986-04-16 00:00:00,1987-04-06 00:00:00,1988-04-11 00:00:00,1989-04-02 00:00:00,1990-04-02 00:00:00,1991-04-10 00:00:00,1992-04-03 00:00:00,1993-04-14 00:00:00,1994-04-11 00:00:00,1995-04-09 00:00:00,1996-04-08 00:00:00,1997-04-06 00:00:00,1998-04-09 00:00:00,1999-04-03 00:00:00,2000-04-11 00:00:00,2001-04-02 00:00:00,2002-03-29 00:00:00,2003-04-04 00:00:00,2004-04-06 00:00:00,2005-04-10 00:00:00,2006-04-01 00:00:00,2007-04-05 00:00:00,2008-04-02 00:00:00,2009-04-07 00:00:00,2010-04-08 00:00:00,2011-04-12 00:00:00,2012-04-11 00:00:00,2013-03-28 00:00:00,2014-04-04 00:00:00,2015-04-06 00:00:00,2016-04-06 00:00:00,2017-04-10 00:00:00,2018-03-28 00:00:00,2019-04-05 00:00:00,2020-04-03 00:00:00,2021-03-28 00:00:00,2022-04-06 00:00:00,2023-03-30 00:00:00,2024-04-07 00:00:00,2025-04-07 00:00:00,4  6,,35.7345338,140.8272667
Tsu,True,1953-04-12 00:00:00,1954-04-04 00:00:00,1955-04-05 00:00:00,1956-04-09 00:00:00,1957-04-13 00:00:00,1958-04-13 00:00:00,1959-04-01 00:00:00,1960-04-09 00:00:00,1961-04-09 00:00:00,1962-04-13 00:00:00,1963-04-10 00:00:00,1964-04-10 00:00:00,1965-04-17 00:00:00,1966-04-04 00:00:00,1967-04-05 00:00:00,1968-04-08 00:00:00,1969-04-11 00:00:00,1970-04-16 00:00:00,1971-04-07 00:00:00,1972-04-08 00:00:00,1973-04-13 00:00:00,1974-04-11 00:00:00,1975-04-09 00:00:00,1976-04-04 00:00:00,1977-04-04 00:00:00,1978-04-14 00:00:00,1979-04-09 00:00:00,1980-04-07 00:00:00,1981-04-05 00:00:00,1982-03-31 00:00:00,1983-04-08 00:00:00,1984-04-18 00:00:00,1985-04-06 00:00:00,1986-04-08 00:00:00,1987-04-06 00:00:00,1988-04-11 00:00:00,1989-04-01 00:00:00,1990-03-30 00:00:00,1991-04-07 00:00:00,1992-04-02 00:00:00,1993-04-07 00:00:00,1994-04-07 00:00:00,1995-04-10 00:00:00,1996-04-11 00:00:00,1997-04-04 00:00:00,1998-03-31 00:00:00,1999-04-03 00:00:00,2000-04-09 00:00:00,2001-04-04 00:00:00,2002-03-27 00:00:00,2003-04-02 00:00:00,2004-04-01 00:00:00,2005-04-08 00:00:00,2006-04-06 00:00:00,2007-04-01 00:00:00,2008-04-01 00:00:00,2009-04-02 00:00:00,2010-04-01 00:00:00,2011-04-05 00:00:00,2012-04-08 00:00:00,2013-03-30 00:00:00,2014-04-01 00:00:00,2015-03-31 00:00:00,2016-04-02 00:00:00,2017-04-05 00:00:00,2018-03-29 00:00:00,2019-04-03 00:00:00,2020-03-31 00:00:00,2021-03-25 00:00:00,2022-03-30 00:00:00,2023-03-27 00:00:00,2024-04-02 00:00:00,2025-04-02 00:00:00,4  3,,36.1679249,-86.8271487
Shizuoka,True,1953-04-02 00:00:00,1954-04-03 00:00:00,1955-03-30 00:00:00,1956-04-03 00:00:00,1957-04-07 00:00:00,1958-04-04 00:00:00,1959-03-29 00:00:00,1960-04-05 00:00:00,1961-04-06 00:00:00,1962-04-09 00:00:00,1963-04-06 00:00:00,1964-04-05 00:00:00,1965-04-10 00:00:00,1966-03-30 00:00:00,1967-04-02 00:00:00,1968-04-04 00:00:00,1969-04-07 00:00:00,1970-04-10 00:00:00,1971-04-07 00:00:00,1972-04-06 00:00:00,1973-04-06 00:00:00,1974-04-05 00:00:00,1975-04-06 00:00:00,1976-03-30 00:00:00,1977-03-28 00:00:00,1978-04-10 00:00:00,1979-04-05 00:00:00,1980-04-07 00:00:00,1981-04-03 00:00:00,1982-03-29 00:00:00,1983-04-10 00:00:00,1984-04-12 00:00:00,1985-04-04 00:00:00,1986-04-06 00:00:00,1987-04-05 00:00:00,1988-04-12 00:00:00,1989-04-02 00:00:00,1990-04-02 00:00:00,1991-04-10 00:00:00,1992-04-04 00:00:00,1993-04-09 00:00:00,1994-04-09 00:00:00,1995-04-08 00:00:00,1996-04-02 00:00:00,1997-03-30 00:00:00,1998-03-31 00:00:00,1999-04-01 00:00:00,2000-04-06 00:00:00,2001-04-02 00:00:00,2002-03-22 00:00:00,2003-03-28 00:00:00,2004-04-01 00:00:00,2005-04-07 00:00:00,2006-03-27 00:00:00,2007-03-30 00:00:00,2008-03-27 00:00:00,2009-03-27 00:00:00,2010-03-26 00:00:00,2011-04-04 00:00:00,2012-04-01 00:00:00,2013-03-23 00:00:00,2014-03-31 00:00:00,2015-04-01 00:00:00,2016-04-05 00:00:00,2017-04-12 00:00:00,2018-03-27 00:00:00,2019-04-06 00:00:00,2020-04-07 00:00:00,2021-03-28 00:00:00,2022-03-30 00:00:00,2023-03-29 00:00:00,2024-04-08 00:00:00,2025-04-03 00:00:00,4  2,,34.9332488,138.0955398
Tokyo,True,1953-04-05 00:00:00,1954-04-01 00:00:00,1955-04-05 00:00:00,1956-04-08 00:00:00,1957-04-10 00:00:00,1958-04-06 00:00:00,1959-04-05 00:00:00,1960-04-01 00:00:00,1961-04-08 00:00:00,1962-04-09 00:00:00,1963-04-06 00:00:00,1964-04-05 00:00:00,1965-04-12 00:00:00,1966-04-05 00:00:00,1967-04-05 00:00:00,1968-04-03 00:00:00,1969-04-10 00:00:00,1970-04-15 00:00:00,1971-04-05 00:00:00,1972-04-01 00:00:00,1973-04-08 00:00:00,1974-04-09 00:00:00,1975-04-06 00:00:00,1976-03-31 00:00:00,1977-03-31 00:00:00,1978-04-09 00:00:00,1979-04-04 00:00:00,1980-04-08 00:00:00,1981-04-08 00:00:00,1982-03-31 00:00:00,1983-04-08 00:00:00,1984-04-17 00:00:00,1985-04-10 00:00:00,1986-04-10 00:00:00,1987-04-05 00:00:00,1988-04-11 00:00:00,1989-04-03 00:00:00,1990-03-26 00:00:00,1991-04-08 00:00:00,1992-04-01 00:00:00,1993-04-02 00:00:00,1994-04-05 00:00:00,1995-04-07 00:00:00,1996-04-07 00:00:00,1997-03-30 00:00:00,1998-03-31 00:00:00,1999-04-02 00:00:00,2000-04-06 00:00:00,2001-03-28 00:00:00,2002-03-21 00:00:00,2003-04-01 00:00:00,2004-03-29 00:00:00,2005-04-06 00:00:00,2006-03-28 00:00:00,2007-03-29 00:00:00,2008-03-27 00:00:00,2009-04-02 00:00:00,2010-04-01 00:00:00,2011-04-06 00:00:00,2012-04-06 00:00:00,2013-03-22 00:00:00,2014-03-30 00:00:00,2015-03-29 00:00:00,2016-03-31 00:00:00,2017-04-02 00:00:00,2018-03-24 00:00:00,2019-03-27 00:00:00,2020-03-22 00:00:00,2021-03-22 00:00:00,2022-03-27 00:00:00,2023-03-22 00:00:00,2024-04-04 00:00:00,2025-03-30 00:00:00,3 31,,35.6768601,139.7638947
Yokohama,True,1953-03-31 00:00:00,1954-04-01 00:00:00,1955-04-04 00:00:00,1956-04-09 00:00:00,1957-04-10 00:00:00,1958-04-05 00:00:00,1959-04-03 00:00:00,1960-04-03 00:00:00,1961-04-07 00:00:00,1962-04-09 00:00:00,1963-04-07 00:00:00,1964-04-06 00:00:00,1965-04-10 00:00:00,1966-04-05 00:00:00,1967-04-04 00:00:00,1968-04-01 00:00:00,1969-04-11 00:00:00,1970-04-13 00:00:00,1971-04-05 00:00:00,1972-03-31 00:00:00,1973-04-06 00:00:00,1974-04-06 00:00:00,1975-04-07 00:00:00,1976-04-06 00:00:00,1977-04-03 00:00:00,1978-04-14 00:00:00,1979-04-04 00:00:00,1980-04-09 00:00:00,1981-04-07 00:00:00,1982-03-31 00:00:00,1983-04-08 00:00:00,1984-04-15 00:00:00,1985-04-08 00:00:00,1986-04-09 00:00:00,1987-03-31 00:00:00,1988-04-09 00:00:00,1989-04-01 00:00:00,1990-03-23 00:00:00,1991-04-06 00:00:00,1992-03-31 00:00:00,1993-04-02 00:00:00,1994-04-06 00:00:00,1995-04-07 00:00:00,1996-04-04 00:00:00,1997-03-31 00:00:00,1998-04-04 00:00:00,1999-04-02 00:00:00,2000-04-07 00:00:00,2001-03-29 00:00:00,2002-03-22 00:00:00,2003-04-01 00:00:00,2004-03-30 00:00:00,2005-04-07 00:00:00,2006-03-28 00:00:00,2007-03-30 00:00:00,2008-03-29 00:00:00,2009-04-04 00:00:00,2010-04-02 00:00:00,2011-04-08 00:00:00,2012-04-09 00:00:00,2013-03-22 00:00:00,2014-03-31 00:00:00,2015-03-31 00:00:00,2016-04-02 00:00:00,2017-04-06 00:00:00,2018-03-27 00:00:00,2019-04-01 00:00:00,2020-03-28 00:00:00,2021-03-27 00:00:00,2022-03-28 00:00:00,2023-03-25 00:00:00,2024-04-07 00:00:00,2025-04-04 00:00:00,4  1,,35.4503381,139.6343802
Matsue,True,1953-04-09 00:00:00,1954-04-03 00:00:00,1955-04-07 00:00:00,1956-04-09 00:00:00,1957-04-15 00:00:00,1958-04-08 00:00:00,,,,,,1964-04-07 00:00:00,1965-04-18 00:00:00,,1967-04-05 00:00:00,1968-04-10 00:00:00,1969-04-14 00:00:00,1970-04-16 00:00:00,1971-04-12 00:00:00,1972-04-10 00:00:00,1973-04-07 00:00:00,1974-04-11 00:00:00,1975-04-11 00:00:00,1976-04-13 00:00:00,1977-04-05 00:00:00,1978-04-14 00:00:00,1979-04-04 00:00:00,1980-04-10 00:00:00,1981-04-12 00:00:00,1982-04-07 00:00:00,1983-04-11 00:00:00,1984-04-17 00:00:00,1985-04-11 00:00:00,1986-04-13 00:00:00,1987-04-07 00:00:00,1988-04-15 00:00:00,1989-04-03 00:00:00,1990-03-30 00:00:00,1991-04-12 00:00:00,1992-04-05 00:00:00,1993-04-15 00:00:00,1994-04-10 00:00:00,1995-04-09 00:00:00,1996-04-14 00:00:00,1997-04-04 00:00:00,1998-04-04 00:00:00,1999-04-06 00:00:00,2000-04-08 00:00:00,2001-04-06 00:00:00,2002-03-30 00:00:00,2003-04-06 00:00:00,2004-03-31 00:00:00,2005-04-08 00:00:00,2006-04-06 00:00:00,2007-04-03 00:00:00,2008-04-06 00:00:00,2009-04-06 00:00:00,2010-04-03 00:00:00,2011-04-12 00:00:00,2012-04-10 00:00:00,2013-03-31 00:00:00,2014-04-02 00:00:00,2015-04-02 00:00:00,2016-03-30 00:00:00,2017-04-07 00:00:00,2018-03-29 00:00:00,2019-04-01 00:00:00,2020-03-30 00:00:00,2021-03-27 00:00:00,2022-03-31 00:00:00,2023-03-27 00:00:00,2024-04-03 00:00:00,2025-04-02 00:00:00,4  5,,35.468115,133.048768
Tottori,True,1953-04-08 00:00:00,1954-04-03 00:00:00,1955-04-04 00:00:00,1956-04-08 00:00:00,1957-04-15 00:00:00,1958-04-07 00:00:00,1959-04-02 00:00:00,1960-04-04 00:00:00,1961-04-09 00:00:00,1962-04-10 00:00:00,1963-04-12 00:00:00,1964-04-08 00:00:00,1965-04-17 00:00:00,1966-04-05 00:00:00,1967-04-06 00:00:00,1968-04-09 00:00:00,1969-04-14 00:00:00,1970-04-15 00:00:00,1971-04-10 00:00:00,1972-04-07 00:00:00,1973-04-08 00:00:00,1974-04-09 00:00:00,1975-04-09 00:00:00,1976-04-08 00:00:00,1977-04-07 00:00:00,1978-04-13 00:00:00,1979-04-07 00:00:00,1980-04-09 00:00:00,1981-04-07 00:00:00,1982-04-04 00:00:00,1983-04-08 00:00:00,1984-04-17 00:00:00,1985-04-10 00:00:00,1986-04-12 00:00:00,1987-04-06 00:00:00,1988-04-15 00:00:00,1989-04-03 00:00:00,1990-03-30 00:00:00,1991-04-10 00:00:00,1992-04-06 00:00:00,1993-04-14 00:00:00,1994-04-09 00:00:00,1995-04-08 00:00:00,1996-04-14 00:00:00,1997-04-04 00:00:00,1998-03-31 00:00:00,1999-04-01 00:00:00,2000-04-09 00:00:00,2001-04-03 00:00:00,2002-03-30 00:00:00,2003-04-07 00:00:00,2004-03-29 00:00:00,2005-04-08 00:00:00,2006-04-07 00:00:00,2007-04-08 00:00:00,2008-04-04 00:00:00,2009-04-07 00:00:00,2010-04-04 00:00:00,2011-04-08 00:00:00,2012-04-10 00:00:00,2013-03-29 00:00:00,2014-04-02 00:00:00,2015-04-01 00:00:00,2016-03-31 00:00:00,2017-04-07 00:00:00,2018-03-28 00:00:00,2019-04-04 00:00:00,2020-03-31 00:00:00,2021-03-29 00:00:00,2022-04-01 00:00:00,2023-03-24 00:00:00,2024-04-06 00:00:00,2025-04-04 00:00:00,4  5,,35.3555075,133.8678525
Kyoto,True,1953-04-11 00:00:00,1954-04-05 00:00:00,1955-04-07 00:00:00,1956-04-10 00:00:00,1957-04-12 00:00:00,1958-04-08 00:00:00,1959-04-02 00:00:00,1960-04-05 00:00:00,1961-04-06 00:00:00,1962-04-07 00:00:00,1963-04-09 00:00:00,1964-04-06 00:00:00,1965-04-17 00:00:00,1966-04-06 00:00:00,1967-04-06 00:00:00,1968-04-05 00:00:00,1969-04-13 00:00:00,1970-04-15 00:00:00,1971-04-07 00:00:00,1972-04-07 00:00:00,1973-04-08 00:00:00,1974-04-09 00:00:00,1975-04-10 00:00:00,1976-04-09 00:00:00,1977-04-03 00:00:00,1978-04-13 00:00:00,1979-04-09 00:00:00,1980-04-08 00:00:00,1981-04-08 00:00:00,1982-03-31 00:00:00,1983-04-09 00:00:00,1984-04-14 00:00:00,1985-04-08 00:00:00,1986-04-08 00:00:00,1987-04-06 00:00:00,1988-04-11 00:00:00,1989-04-02 00:00:00,1990-03-29 00:00:00,1991-04-06 00:00:00,1992-04-03 00:00:00,1993-04-06 00:00:00,1994-04-06 00:00:00,1995-04-06 00:00:00,1996-04-09 00:00:00,1997-04-04 00:00:00,1998-04-01 00:00:00,1999-04-02 00:00:00,2000-04-10 00:00:00,2001-04-03 00:00:00,2002-03-28 00:00:00,2003-04-04 00:00:00,2004-04-03 00:00:00,2005-04-08 00:00:00,2006-04-06 00:00:00,2007-04-03 00:00:00,2008-04-01 00:00:00,2009-04-05 00:00:00,2010-04-01 00:00:00,2011-04-07 00:00:00,2012-04-09 00:00:00,2013-03-30 00:00:00,2014-04-02 00:00:00,2015-04-01 00:00:00,2016-04-02 00:00:00,2017-04-07 00:00:00,2018-03-28 00:00:00,2019-04-06 00:00:00,2020-03-30 00:00:00,2021-03-26 00:00:00,2022-03-30 00:00:00,2023-03-24 00:00:00,2024-04-05 00:00:00,2025-04-05 00:00:00,4  4,,35.0115754,135.7681441
Hikone,True,1953-04-12 00:00:00,1954-04-07 00:00:00,1955-04-08 00:00:00,1956-04-12 00:00:00,1957-04-16 00:00:00,1958-04-10 00:00:00,1959-04-05 00:00:00,1960-04-10 00:00:00,1961-04-12 00:00:00,1962-04-13 00:00:00,1963-04-12 00:00:00,1964-04-13 00:00:00,1965-04-24 00:00:00,1966-04-13 00:00:00,1967-04-12 00:00:00,1968-04-13 00:00:00,1969-04-14 00:00:00,1970-04-18 00:00:00,1971-04-10 00:00:00,1972-04-08 00:00:00,1973-04-08 00:00:00,1974-04-12 00:00:00,1975-04-11 00:00:00,1976-04-10 00:00:00,1977-04-10 00:00:00,1978-04-14 00:00:00,1979-04-09 00:00:00,1980-04-12 00:00:00,1981-04-11 00:00:00,1982-04-05 00:00:00,1983-04-11 00:00:00,1984-04-19 00:00:00,1985-04-11 00:00:00,1986-04-14 00:00:00,1987-04-09 00:00:00,1988-04-14 00:00:00,1989-04-04 00:00:00,1990-04-02 00:00:00,1991-04-09 00:00:00,1992-04-06 00:00:00,1993-04-11 00:00:00,1994-04-11 00:00:00,1995-04-10 00:00:00,1996-04-17 00:00:00,1997-04-06 00:00:00,1998-04-05 00:00:00,1999-04-08 00:00:00,2000-04-14 00:00:00,2001-04-08 00:00:00,2002-04-02 00:00:00,2003-04-06 00:00:00,2004-04-02 00:00:00,2005-04-10 00:00:00,2006-04-12 00:00:00,2007-04-11 00:00:00,2008-04-06 00:00:00,2009-04-08 00:00:00,2010-04-07 00:00:00,2011-04-11 00:00:00,2012-04-12 00:00:00,2013-04-05 00:00:00,2014-04-09 00:00:00,2015-04-04 00:00:00,2016-04-05 00:00:00,2017-04-09 00:00:00,2018-04-01 00:00:00,2019-04-08 00:00:00,2020-04-03 00:00:00,2021-03-30 00:00:00,2022-04-06 00:00:00,2023-03-30 00:00:00,2024-04-09 00:00:00,2025-04-09 00:00:00,4  8,,35.2744066,136.2596539
Hiroshima,True,1953-04-11 00:00:00,1954-04-06 00:00:00,1955-04-06 00:00:00,1956-04-11 00:00:00,1957-04-11 00:00:00,1958-04-07 00:00:00,1959-04-03 00:00:00,1960-04-08 00:00:00,1961-04-06 00:00:00,1962-04-12 00:00:00,1963-04-08 00:00:00,1964-04-06 00:00:00,1965-04-17 00:00:00,1966-04-07 00:00:00,1967-04-08 00:00:00,1968-04-07 00:00:00,1969-04-13 00:00:00,1970-04-14 00:00:00,1971-04-07 00:00:00,1972-04-07 00:00:00,1973-04-03 00:00:00,1974-04-07 00:00:00,1975-04-08 00:00:00,1976-04-04 00:00:00,1977-04-02 00:00:00,1978-04-10 00:00:00,1979-04-07 00:00:00,1980-04-06 00:00:00,1981-04-05 00:00:00,1982-04-01 00:00:00,1983-04-08 00:00:00,1984-04-14 00:00:00,1985-04-08 00:00:00,1986-04-08 00:00:00,1987-04-05 00:00:00,1988-04-10 00:00:00,1989-04-01 00:00:00,1990-03-31 00:00:00,1991-04-07 00:00:00,1992-04-03 00:00:00,1993-04-04 00:00:00,1994-04-04 00:00:00,1995-04-08 00:00:00,1996-04-08 00:00:00,1997-04-01 00:00:00,1998-03-29 00:00:00,1999-04-04 00:00:00,2000-04-04 00:00:00,2001-04-01 00:00:00,2002-03-27 00:00:00,2003-04-01 00:00:00,2004-03-31 00:00:00,2005-04-09 00:00:00,2006-04-06 00:00:00,2007-04-02 00:00:00,2008-04-02 00:00:00,2009-04-05 00:00:00,2010-04-02 00:00:00,2011-04-10 00:00:00,2012-04-09 00:00:00,2013-03-29 00:00:00,2014-03-30 00:00:00,2015-03-30 00:00:00,2016-04-02 00:00:00,2017-04-07 00:00:00,2018-03-28 00:00:00,2019-04-03 00:00:00,2020-04-03 00:00:00,2021-03-25 00:00:00,2022-03-29 00:00:00,2023-03-28 00:00:00,2024-04-05 00:00:00,2025-04-02 00:00:00,4  3,,34.3917241,132.4517589
Okayama,True,1953-04-09 00:00:00,1954-04-03 00:00:00,1955-04-03 00:00:00,1956-04-09 00:00:00,1957-04-10 00:00:00,1958-04-07 00:00:00,1959-04-02 00:00:00,1960-04-06 00:00:00,1961-04-07 00:00:00,1962-04-11 00:00:00,1963-04-11 00:00:00,1964-04-06 00:00:00,1965-04-15 00:00:00,1966-04-03 00:00:00,1967-04-07 00:00:00,1968-04-09 00:00:00,1969-04-12 00:00:00,1970-04-14 00:00:00,1971-04-08 00:00:00,1972-04-07 00:00:00,1973-04-06 00:00:00,1974-04-11 00:00:00,1975-04-10 00:00:00,1976-04-07 00:00:00,1977-04-05 00:00:00,1978-04-10 00:00:00,1979-04-05 00:00:00,1980-04-09 00:00:00,1981-04-08 00:00:00,1982-04-02 00:00:00,1983-04-08 00:00:00,1984-04-15 00:00:00,1985-04-09 00:00:00,1986-04-10 00:00:00,1987-04-05 00:00:00,1988-04-13 00:00:00,1989-04-02 00:00:00,1990-03-30 00:00:00,1991-04-07 00:00:00,1992-04-05 00:00:00,1993-04-08 00:00:00,1994-04-06 00:00:00,1995-04-08 00:00:00,1996-04-10 00:00:00,1997-04-04 00:00:00,1998-04-01 00:00:00,1999-04-03 00:00:00,2000-04-08 00:00:00,2001-04-06 00:00:00,2002-03-29 00:00:00,2003-04-05 00:00:00,2004-04-02 00:00:00,2005-04-09 00:00:00,2006-04-07 00:00:00,2007-04-04 00:00:00,2008-04-04 00:00:00,2009-04-05 00:00:00,2010-04-03 00:00:00,2011-04-07 00:00:00,2012-04-09 00:00:00,2013-03-31 00:00:00,2014-04-02 00:00:00,2015-04-02 00:00:00,2016-04-01 00:00:00,2017-04-07 00:00:00,2018-03-28 00:00:00,2019-04-05 00:00:00,2020-03-31 00:00:00,2021-03-29 00:00:00,2022-03-30 00:00:00,2023-03-27 00:00:00,2024-04-05 00:00:00,2025-04-05 00:00:00,4  4,,34.8581334,133.7759256
Kobe,True,1953-04-09 00:00:00,1954-04-04 00:00:00,1955-04-07 00:00:00,1956-04-07 00:00:00,1957-04-11 00:00:00,1958-04-07 00:00:00,1959-03-31 00:00:00,1960-04-07 00:00:00,1961-04-05 00:00:00,1962-04-10 00:00:00,1963-04-14 00:00:00,1964-04-09 00:00:00,1965-04-14 00:00:00,1966-04-03 00:00:00,1967-04-03 00:00:00,1968-04-04 00:00:00,1969-04-12 00:00:00,1970-04-13 00:00:00,1971-04-03 00:00:00,1972-04-05 00:00:00,1973-04-04 00:00:00,1974-04-07 00:00:00,1975-04-07 00:00:00,1976-04-06 00:00:00,1977-03-31 00:00:00,1978-04-10 00:00:00,1979-04-07 00:00:00,1980-04-08 00:00:00,1981-04-06 00:00:00,1982-03-31 00:00:00,1983-04-08 00:00:00,1984-04-14 00:00:00,1985-04-07 00:00:00,1986-04-09 00:00:00,1987-04-05 00:00:00,1988-04-11 00:00:00,1989-04-01 00:00:00,1990-03-28 00:00:00,1991-04-06 00:00:00,1992-04-03 00:00:00,1993-04-10 00:00:00,1994-04-06 00:00:00,1995-04-10 00:00:00,1996-04-08 00:00:00,1997-04-02 00:00:00,1998-03-31 00:00:00,1999-04-02 00:00:00,2000-04-08 00:00:00,2001-04-02 00:00:00,2002-03-30 00:00:00,2003-04-02 00:00:00,2004-04-06 00:00:00,2005-04-09 00:00:00,2006-04-08 00:00:00,2007-04-08 00:00:00,2008-04-03 00:00:00,2009-04-06 00:00:00,2010-04-04 00:00:00,2011-04-10 00:00:00,2012-04-09 00:00:00,2013-03-31 00:00:00,2014-04-01 00:00:00,2015-04-02 00:00:00,2016-04-03 00:00:00,2017-04-10 00:00:00,2018-03-29 00:00:00,2019-04-06 00:00:00,2020-04-03 00:00:00,2021-03-30 00:00:00,2022-04-01 00:00:00,2023-03-31 00:00:00,2024-04-07 00:00:00,2025-04-06 00:00:00,4  5,,34.6932379,135.1943764
Osaka,True,,,,,1957-04-10 00:00:00,,1959-04-03 00:00:00,1960-04-09 00:00:00,,1962-04-09 00:00:00,,,1965-04-15 00:00:00,1966-04-05 00:00:00,1967-04-03 00:00:00,1968-04-04 00:00:00,1969-04-10 00:00:00,1970-04-14 00:00:00,1971-04-07 00:00:00,1972-04-05 00:00:00,1973-04-05 00:00:00,1974-04-08 00:00:00,1975-04-09 00:00:00,1976-04-07 00:00:00,1977-04-01 00:00:00,1978-04-10 00:00:00,1979-04-09 00:00:00,1980-04-09 00:00:00,1981-04-06 00:00:00,1982-03-31 00:00:00,1983-04-08 00:00:00,1984-04-16 00:00:00,1985-04-08 00:00:00,1986-04-09 00:00:00,1987-04-07 00:00:00,1988-04-11 00:00:00,1989-04-01 00:00:00,1990-03-30 00:00:00,1991-04-06 00:00:00,1992-04-02 00:00:00,1993-04-07 00:00:00,1994-04-06 00:00:00,1995-04-07 00:00:00,1996-04-09 00:00:00,1997-04-04 00:00:00,1998-04-03 00:00:00,1999-03-29 00:00:00,2000-04-08 00:00:00,2001-04-04 00:00:00,2002-03-28 00:00:00,2003-04-02 00:00:00,2004-04-02 00:00:00,2005-04-08 00:00:00,2006-04-04 00:00:00,2007-04-03 00:00:00,2008-04-02 00:00:00,2009-04-06 00:00:00,2010-04-04 00:00:00,2011-04-07 00:00:00,2012-04-09 00:00:00,2013-03-29 00:00:00,2014-04-02 00:00:00,2015-04-01 00:00:00,2016-04-01 00:00:00,2017-04-06 00:00:00,2018-03-26 00:00:00,2019-04-04 00:00:00,2020-04-03 00:00:00,2021-03-28 00:00:00,2022-03-30 00:00:00,2023-03-27 00:00:00,2024-04-06 00:00:00,2025-04-04 00:00:00,4  4,,34.6937569,135.5014539
Wakayama,True,,,1955-04-03 00:00:00,1956-04-03 00:00:00,1957-04-08 00:00:00,1958-04-04 00:00:00,1959-03-27 00:00:00,1960-04-04 00:00:00,1961-04-03 00:00:00,1962-04-08 00:00:00,1963-04-05 00:00:00,1964-04-05 00:00:00,1965-04-11 00:00:00,1966-03-29 00:00:00,1967-04-01 00:00:00,1968-04-02 00:00:00,1969-04-12 00:00:00,1970-04-12 00:00:00,1971-04-02 00:00:00,1972-04-02 00:00:00,1973-04-02 00:00:00,1974-04-03 00:00:00,1975-04-04 00:00:00,1976-04-02 00:00:00,1977-03-28 00:00:00,1978-04-08 00:00:00,1979-04-05 00:00:00,1980-04-06 00:00:00,1981-04-02 00:00:00,1982-03-28 00:00:00,1983-04-07 00:00:00,1984-04-11 00:00:00,1985-04-06 00:00:00,1986-04-08 00:00:00,1987-04-08 00:00:00,1988-04-12 00:00:00,1989-04-02 00:00:00,1990-04-01 00:00:00,1991-04-05 00:00:00,1992-04-03 00:00:00,1993-04-07 00:00:00,1994-04-06 00:00:00,1995-04-07 00:00:00,1996-04-08 00:00:00,1997-04-01 00:00:00,1998-04-04 00:00:00,1999-04-02 00:00:00,2000-04-06 00:00:00,2001-04-02 00:00:00,2002-03-26 00:00:00,2003-04-03 00:00:00,2004-04-01 00:00:00,2005-04-07 00:00:00,2006-04-04 00:00:00,2007-04-01 00:00:00,2008-04-02 00:00:00,2009-04-03 00:00:00,2010-03-31 00:00:00,2011-04-07 00:00:00,2012-04-04 00:00:00,2013-03-26 00:00:00,2014-03-31 00:00:00,2015-03-30 00:00:00,2016-03-31 00:00:00,2017-04-07 00:00:00,2018-03-27 00:00:00,2019-04-01 00:00:00,2020-03-31 00:00:00,2021-03-27 00:00:00,2022-03-29 00:00:00,2023-03-25 00:00:00,2024-04-03 00:00:00,2025-03-30 00:00:00,4  3,,33.8070292,135.5930743
Nara,True,,1954-04-04 00:00:00,1955-04-06 00:00:00,1956-04-07 00:00:00,1957-04-13 00:00:00,1958-04-08 00:00:00,1959-03-29 00:00:00,1960-04-04 00:00:00,1961-04-07 00:00:00,1962-04-09 00:00:00,1963-04-07 00:00:00,1964-04-07 00:00:00,1965-04-17 00:00:00,1966-04-08 00:00:00,1967-04-08 00:00:00,1968-04-08 00:00:00,1969-04-12 00:00:00,1970-04-17 00:00:00,1971-04-07 00:00:00,1972-04-06 00:00:00,1973-04-05 00:00:00,1974-04-08 00:00:00,1975-04-09 00:00:00,1976-04-05 00:00:00,1977-04-04 00:00:00,1978-04-11 00:00:00,1979-04-06 00:00:00,1980-04-08 00:00:00,1981-04-06 00:00:00,1982-04-01 00:00:00,1983-04-07 00:00:00,1984-04-16 00:00:00,1985-04-08 00:00:00,1986-04-10 00:00:00,1987-04-06 00:00:00,1988-04-14 00:00:00,1989-04-02 00:00:00,1990-03-28 00:00:00,1991-04-05 00:00:00,1992-04-01 00:00:00,1993-04-07 00:00:00,1994-04-06 00:00:00,1995-04-08 00:00:00,1996-04-08 00:00:00,1997-04-03 00:00:00,1998-03-31 00:00:00,1999-04-02 00:00:00,2000-04-10 00:00:00,2001-04-04 00:00:00,2002-03-26 00:00:00,2003-04-04 00:00:00,2004-03-30 00:00:00,2005-04-07 00:00:00,2006-04-05 00:00:00,2007-04-04 00:00:00,2008-04-03 00:00:00,2009-04-06 00:00:00,2010-04-02 00:00:00,2011-04-08 00:00:00,2012-04-09 00:00:00,2013-03-29 00:00:00,2014-04-01 00:00:00,2015-03-31 00:00:00,2016-04-02 00:00:00,2017-04-08 00:00:00,2018-03-29 00:00:00,2019-04-05 00:00:00,2020-04-03 00:00:00,2021-03-30 00:00:00,2022-03-31 00:00:00,2023-03-27 00:00:00,2024-04-08 00:00:00,2025-04-04 00:00:00,4  4,,-0.5252306,166.9324426
Matsuyama,True,1953-04-09 00:00:00,1954-04-07 00:00:00,1955-04-06 00:00:00,1956-04-08 00:00:00,1957-04-09 00:00:00,1958-04-07 00:00:00,1959-04-03 00:00:00,1960-04-09 00:00:00,1961-04-05 00:00:00,1962-04-11 00:00:00,1963-04-15 00:00:00,1964-04-04 00:00:00,1965-04-10 00:00:00,1966-04-05 00:00:00,1967-04-03 00:00:00,1968-04-04 00:00:00,1969-04-11 00:00:00,1970-04-12 00:00:00,1971-04-03 00:00:00,1972-04-06 00:00:00,1973-04-03 00:00:00,1974-04-05 00:00:00,1975-04-07 00:00:00,1976-04-06 00:00:00,1977-03-30 00:00:00,1978-04-10 00:00:00,1979-04-05 00:00:00,1980-04-05 00:00:00,1981-04-01 00:00:00,1982-03-27 00:00:00,1983-04-06 00:00:00,1984-04-11 00:00:00,1985-04-06 00:00:00,1986-04-06 00:00:00,1987-04-06 00:00:00,1988-04-12 00:00:00,1989-04-01 00:00:00,1990-03-28 00:00:00,1991-04-05 00:00:00,1992-04-02 00:00:00,1993-04-07 00:00:00,1994-04-05 00:00:00,1995-04-08 00:00:00,1996-04-08 00:00:00,1997-04-01 00:00:00,1998-04-05 00:00:00,1999-04-02 00:00:00,2000-04-04 00:00:00,2001-03-30 00:00:00,2002-03-26 00:00:00,2003-04-02 00:00:00,2004-04-02 00:00:00,2005-04-07 00:00:00,2006-04-03 00:00:00,2007-04-01 00:00:00,2008-04-04 00:00:00,2009-04-01 00:00:00,2010-04-02 00:00:00,2011-04-06 00:00:00,2012-04-04 00:00:00,2013-03-27 00:00:00,2014-03-29 00:00:00,2015-04-01 00:00:00,2016-04-03 00:00:00,2017-04-08 00:00:00,2018-03-27 00:00:00,2019-04-05 00:00:00,2020-04-09 00:00:00,2021-03-27 00:00:00,2022-03-28 00:00:00,2023-03-28 00:00:00,2024-04-05 00:00:00,2025-03-30 00:00:00,4  3,,33.8395188,132.7653521
Takamatsu,True,1953-04-08 00:00:00,1954-04-06 00:00:00,1955-04-07 00:00:00,1956-04-10 00:00:00,1957-04-12 00:00:00,1958-04-07 00:00:00,1959-04-03 00:00:00,1960-04-06 00:00:00,1961-04-08 00:00:00,1962-04-11 00:00:00,1963-04-10 00:00:00,1964-04-06 00:00:00,1965-04-12 00:00:00,1966-04-04 00:00:00,1967-04-05 00:00:00,1968-04-08 00:00:00,1969-04-11 00:00:00,1970-04-14 00:00:00,1971-04-06 00:00:00,1972-04-07 00:00:00,1973-04-06 00:00:00,1974-04-09 00:00:00,1975-04-07 00:00:00,1976-04-07 00:00:00,1977-04-01 00:00:00,1978-04-10 00:00:00,1979-04-07 00:00:00,1980-04-07 00:00:00,1981-04-06 00:00:00,1982-04-02 00:00:00,1983-04-09 00:00:00,1984-04-15 00:00:00,1985-04-08 00:00:00,1986-04-10 00:00:00,1987-04-05 00:00:00,1988-04-13 00:00:00,1989-04-02 00:00:00,1990-03-29 00:00:00,1991-04-07 00:00:00,1992-04-04 00:00:00,1993-04-08 00:00:00,1994-04-06 00:00:00,1995-04-08 00:00:00,1996-04-10 00:00:00,1997-04-04 00:00:00,1998-04-02 00:00:00,1999-04-04 00:00:00,2000-04-06 00:00:00,2001-03-31 00:00:00,2002-03-23 00:00:00,2003-04-04 00:00:00,2004-04-03 00:00:00,2005-04-06 00:00:00,2006-04-06 00:00:00,2007-04-04 00:00:00,2008-04-03 00:00:00,2009-04-03 00:00:00,2010-04-04 00:00:00,2011-04-08 00:00:00,2012-04-06 00:00:00,2013-03-30 00:00:00,2014-03-31 00:00:00,2015-04-01 00:00:00,2016-04-04 00:00:00,2017-04-08 00:00:00,2018-03-29 00:00:00,2019-04-04 00:00:00,2020-04-04 00:00:00,2021-03-27 00:00:00,2022-03-30 00:00:00,2023-03-29 00:00:00,2024-04-05 00:00:00,2025-04-03 00:00:00,4  4,,34.3425592,134.0465338
Kochi,True,,,1955-03-28 00:00:00,1956-03-31 00:00:00,1957-04-07 00:00:00,,1959-04-01 00:00:00,1960-04-03 00:00:00,1961-04-02 00:00:00,1962-04-07 00:00:00,1963-04-03 00:00:00,,1965-04-09 00:00:00,1966-03-27 00:00:00,1967-03-28 00:00:00,1968-03-31 00:00:00,1969-04-06 00:00:00,1970-04-05 00:00:00,1971-03-30 00:00:00,1972-03-30 00:00:00,1973-03-31 00:00:00,1974-03-31 00:00:00,1975-03-31 00:00:00,1976-03-30 00:00:00,1977-03-27 00:00:00,1978-04-09 00:00:00,1979-04-03 00:00:00,1980-04-02 00:00:00,1981-03-28 00:00:00,1982-03-24 00:00:00,1983-04-04 00:00:00,1984-04-03 00:00:00,1985-03-31 00:00:00,1986-04-02 00:00:00,1987-04-03 00:00:00,1988-04-07 00:00:00,1989-03-24 00:00:00,1990-03-23 00:00:00,1991-03-29 00:00:00,1992-04-02 00:00:00,1993-04-06 00:00:00,1994-04-05 00:00:00,1995-04-07 00:00:00,1996-04-02 00:00:00,1997-03-26 00:00:00,1998-03-31 00:00:00,1999-04-01 00:00:00,2000-04-03 00:00:00,2001-03-30 00:00:00,2002-03-23 00:00:00,2003-03-25 00:00:00,2004-03-31 00:00:00,2005-04-06 00:00:00,2006-03-24 00:00:00,2007-04-01 00:00:00,2008-03-28 00:00:00,2009-03-24 00:00:00,2010-03-21 00:00:00,2011-03-31 00:00:00,2012-03-27 00:00:00,2013-03-22 00:00:00,2014-03-25 00:00:00,2015-03-30 00:00:00,2016-04-02 00:00:00,2017-04-06 00:00:00,2018-03-19 00:00:00,2019-03-29 00:00:00,2020-04-02 00:00:00,2021-03-23 00:00:00,2022-03-27 00:00:00,2023-03-24 00:00:00,2024-03-31 00:00:00,2025-03-28 00:00:00,3 30,,9.9679032,76.2444378
Tokushima,True,1953-04-05 00:00:00,1954-04-05 00:00:00,1955-04-04 00:00:00,1956-04-07 00:00:00,1957-04-10 00:00:00,1958-04-06 00:00:00,1959-04-03 00:00:00,1960-04-03 00:00:00,1961-04-06 00:00:00,1962-04-09 00:00:00,1963-04-09 00:00:00,1964-04-05 00:00:00,1965-04-12 00:00:00,1966-03-28 00:00:00,1967-04-01 00:00:00,1968-04-05 00:00:00,1969-04-11 00:00:00,1970-04-12 00:00:00,1971-04-04 00:00:00,1972-04-05 00:00:00,1973-04-04 00:00:00,1974-04-07 00:00:00,1975-04-07 00:00:00,1976-04-05 00:00:00,1977-04-01 00:00:00,1978-04-08 00:00:00,1979-04-09 00:00:00,1980-04-06 00:00:00,1981-04-06 00:00:00,1982-03-31 00:00:00,1983-04-09 00:00:00,1984-04-10 00:00:00,1985-04-08 00:00:00,1986-04-07 00:00:00,1987-04-07 00:00:00,1988-04-13 00:00:00,1989-04-03 00:00:00,1990-03-31 00:00:00,1991-04-07 00:00:00,1992-04-04 00:00:00,1993-04-09 00:00:00,1994-04-07 00:00:00,1995-04-07 00:00:00,1996-04-06 00:00:00,1997-04-02 00:00:00,1998-04-03 00:00:00,1999-04-02 00:00:00,2000-04-07 00:00:00,2001-04-03 00:00:00,2002-03-27 00:00:00,2003-04-03 00:00:00,2004-04-03 00:00:00,2005-04-06 00:00:00,2006-04-04 00:00:00,2007-04-03 00:00:00,2008-04-03 00:00:00,2009-04-03 00:00:00,2010-04-06 00:00:00,2011-04-08 00:00:00,2012-04-05 00:00:00,2013-03-30 00:00:00,2014-04-01 00:00:00,2015-04-03 00:00:00,2016-04-08 00:00:00,2017-04-10 00:00:00,2018-03-28 00:00:00,2019-04-07 00:00:00,2020-04-05 00:00:00,2021-04-01 00:00:00,2022-03-30 00:00:00,2023-03-31 00:00:00,2024-04-06 00:00:00,2025-04-06 00:00:00,4  4,,33.9196418,134.2509634
Shimonoseki,True,1953-04-10 00:00:00,1954-04-06 00:00:00,1955-04-05 00:00:00,1956-04-09 00:00:00,1957-04-11 00:00:00,1958-04-08 00:00:00,1959-04-05 00:00:00,1960-04-06 00:00:00,1961-04-06 00:00:00,1962-04-10 00:00:00,1963-04-11 00:00:00,1964-04-07 00:00:00,1965-04-11 00:00:00,1966-04-06 00:00:00,1967-04-06 00:00:00,1968-04-07 00:00:00,1969-04-12 00:00:00,1970-04-13 00:00:00,1971-04-08 00:00:00,1972-04-11 00:00:00,1973-04-02 00:00:00,1974-04-05 00:00:00,1975-04-05 00:00:00,1976-04-08 00:00:00,1977-04-01 00:00:00,1978-04-07 00:00:00,1979-04-09 00:00:00,1980-04-08 00:00:00,1981-04-06 00:00:00,1982-04-02 00:00:00,1983-04-09 00:00:00,1984-04-12 00:00:00,1985-04-09 00:00:00,1986-04-09 00:00:00,1987-04-08 00:00:00,1988-04-13 00:00:00,1989-04-02 00:00:00,1990-03-31 00:00:00,1991-04-12 00:00:00,1992-04-04 00:00:00,1993-04-09 00:00:00,1994-04-05 00:00:00,1995-04-10 00:00:00,1996-04-07 00:00:00,1997-04-01 00:00:00,1998-04-05 00:00:00,1999-04-06 00:00:00,2000-04-05 00:00:00,2001-04-04 00:00:00,2002-03-28 00:00:00,2003-04-01 00:00:00,2004-04-02 00:00:00,2005-04-08 00:00:00,2006-04-07 00:00:00,2007-04-02 00:00:00,2008-04-04 00:00:00,2009-04-01 00:00:00,2010-04-01 00:00:00,2011-04-07 00:00:00,2012-04-06 00:00:00,2013-03-28 00:00:00,2014-03-30 00:00:00,2015-04-01 00:00:00,2016-04-03 00:00:00,2017-04-07 00:00:00,2018-03-29 00:00:00,2019-04-05 00:00:00,2020-04-05 00:00:00,2021-03-26 00:00:00,2022-04-01 00:00:00,2023-03-31 00:00:00,2024-04-05 00:00:00,2025-04-04 00:00:00,4  4,,33.9577116,130.9415455
Fukuoka,True,1953-04-05 00:00:00,1954-04-08 00:00:00,1955-04-05 00:00:00,1956-04-09 00:00:00,1957-04-08 00:00:00,1958-04-05 00:00:00,1959-04-01 00:00:00,1960-03-31 00:00:00,,1962-04-08 00:00:00,1963-04-07 00:00:00,1964-04-04 00:00:00,1965-04-08 00:00:00,1966-04-04 00:00:00,1967-04-04 00:00:00,1968-04-03 00:00:00,1969-04-07 00:00:00,1970-04-08 00:00:00,1971-04-04 00:00:00,1972-04-05 00:00:00,1973-04-02 00:00:00,1974-04-04 00:00:00,1975-04-06 00:00:00,1976-04-02 00:00:00,1977-03-29 00:00:00,1978-04-08 00:00:00,1979-04-06 00:00:00,1980-04-05 00:00:00,1981-04-02 00:00:00,1982-03-26 00:00:00,1983-04-04 00:00:00,1984-04-10 00:00:00,1985-04-07 00:00:00,1986-04-03 00:00:00,1987-04-03 00:00:00,1988-04-09 00:00:00,1989-03-28 00:00:00,1990-03-28 00:00:00,1991-04-06 00:00:00,1992-03-31 00:00:00,1993-04-05 00:00:00,1994-04-05 00:00:00,1995-04-08 00:00:00,1996-04-01 00:00:00,1997-03-28 00:00:00,1998-04-03 00:00:00,1999-04-01 00:00:00,2000-04-02 00:00:00,2001-04-01 00:00:00,2002-03-25 00:00:00,2003-03-28 00:00:00,2004-03-30 00:00:00,2005-04-06 00:00:00,2006-04-03 00:00:00,2007-03-31 00:00:00,2008-04-02 00:00:00,2009-03-23 00:00:00,2010-03-25 00:00:00,2011-04-02 00:00:00,2012-04-01 00:00:00,2013-03-22 00:00:00,2014-03-27 00:00:00,2015-03-29 00:00:00,2016-03-30 00:00:00,2017-04-05 00:00:00,2018-03-27 00:00:00,2019-03-29 00:00:00,2020-04-02 00:00:00,2021-03-22 00:00:00,2022-03-27 00:00:00,2023-03-26 00:00:00,2024-04-02 00:00:00,2025-03-28 00:00:00,3 31,,33.6251241,130.6180016
Saga,True,1953-04-09 00:00:00,1954-04-05 00:00:00,1955-04-04 00:00:00,1956-04-04 00:00:00,1957-04-07 00:00:00,1958-04-04 00:00:00,1959-03-31 00:00:00,1960-04-08 00:00:00,1961-04-01 00:00:00,1962-04-09 00:00:00,1963-04-05 00:00:00,1964-04-03 00:00:00,1965-04-03 00:00:00,1966-04-02 00:00:00,,1968-04-05 00:00:00,1969-04-08 00:00:00,1970-04-10 00:00:00,1971-04-06 00:00:00,1972-04-04 00:00:00,1973-03-31 00:00:00,1974-04-03 00:00:00,1975-04-05 00:00:00,1976-04-03 00:00:00,1977-03-28 00:00:00,1978-04-10 00:00:00,1979-04-05 00:00:00,1980-04-02 00:00:00,1981-03-31 00:00:00,1982-03-25 00:00:00,1983-04-05 00:00:00,1984-04-06 00:00:00,1985-04-05 00:00:00,1986-04-03 00:00:00,1987-04-04 00:00:00,1988-04-10 00:00:00,1989-04-01 00:00:00,1990-03-31 00:00:00,1991-04-05 00:00:00,1992-04-04 00:00:00,1993-04-06 00:00:00,1994-04-05 00:00:00,1995-04-08 00:00:00,1996-04-05 00:00:00,1997-03-31 00:00:00,1998-03-31 00:00:00,1999-04-01 00:00:00,2000-04-03 00:00:00,2001-04-04 00:00:00,2002-03-27 00:00:00,2003-03-30 00:00:00,2004-03-31 00:00:00,2005-04-07 00:00:00,2006-04-03 00:00:00,2007-03-31 00:00:00,2008-04-02 00:00:00,2009-03-29 00:00:00,2010-04-02 00:00:00,2011-04-05 00:00:00,2012-04-03 00:00:00,2013-03-25 00:00:00,2014-03-26 00:00:00,2015-03-31 00:00:00,2016-03-31 00:00:00,2017-04-08 00:00:00,2018-03-27 00:00:00,2019-04-01 00:00:00,2020-04-02 00:00:00,2021-03-24 00:00:00,2022-03-28 00:00:00,2023-03-31 00:00:00,2024-04-02 00:00:00,2025-04-02 00:00:00,4  2,,59.336058,18.0670248
Oita,True,1953-04-06 00:00:00,1954-04-03 00:00:00,1955-04-02 00:00:00,1956-04-09 00:00:00,1957-04-09 00:00:00,1958-04-07 00:00:00,1959-04-02 00:00:00,1960-04-05 00:00:00,1961-04-06 00:00:00,1962-04-11 00:00:00,1963-04-09 00:00:00,1964-04-06 00:00:00,1965-04-11 00:00:00,1966-04-02 00:00:00,1967-04-03 00:00:00,1968-04-04 00:00:00,1969-04-10 00:00:00,1970-04-11 00:00:00,1971-04-05 00:00:00,1972-04-06 00:00:00,1973-04-02 00:00:00,1974-04-02 00:00:00,1975-04-06 00:00:00,1976-04-10 00:00:00,1977-03-30 00:00:00,1978-04-09 00:00:00,1979-04-08 00:00:00,1980-04-05 00:00:00,1981-04-01 00:00:00,1982-03-27 00:00:00,1983-04-05 00:00:00,1984-04-09 00:00:00,1985-04-05 00:00:00,1986-04-04 00:00:00,1987-04-06 00:00:00,1988-04-12 00:00:00,1989-04-01 00:00:00,1990-03-27 00:00:00,1991-04-05 00:00:00,1992-04-03 00:00:00,1993-04-08 00:00:00,1994-04-05 00:00:00,1995-04-07 00:00:00,1996-04-07 00:00:00,1997-04-01 00:00:00,1998-04-02 00:00:00,1999-04-08 00:00:00,2000-04-03 00:00:00,2001-04-04 00:00:00,2002-03-28 00:00:00,2003-04-02 00:00:00,2004-04-03 00:00:00,2005-04-08 00:00:00,2006-04-03 00:00:00,2007-04-04 00:00:00,2008-04-04 00:00:00,2009-03-28 00:00:00,2010-03-29 00:00:00,2011-04-05 00:00:00,2012-04-03 00:00:00,2013-03-25 00:00:00,2014-03-30 00:00:00,2015-04-03 00:00:00,2016-04-08 00:00:00,2017-04-13 00:00:00,2018-03-30 00:00:00,2019-04-06 00:00:00,2020-04-08 00:00:00,2021-03-30 00:00:00,2022-04-01 00:00:00,2023-04-03 00:00:00,2024-04-05 00:00:00,2025-04-04 00:00:00,4  4,,33.2393864,131.6096524
Nagasaki,True,1953-04-06 00:00:00,1954-04-05 00:00:00,1955-03-31 00:00:00,1956-04-05 00:00:00,1957-04-10 00:00:00,1958-03-28 00:00:00,1959-03-30 00:00:00,1960-04-02 00:00:00,1961-04-03 00:00:00,1962-04-09 00:00:00,1963-04-05 00:00:00,1964-04-04 00:00:00,1965-04-08 00:00:00,1966-04-01 00:00:00,1967-04-03 00:00:00,1968-04-03 00:00:00,1969-04-09 00:00:00,1970-04-09 00:00:00,1971-04-03 00:00:00,1972-04-05 00:00:00,1973-04-01 00:00:00,1974-03-31 00:00:00,1975-04-05 00:00:00,1976-04-02 00:00:00,1977-03-24 00:00:00,1978-04-08 00:00:00,1979-04-04 00:00:00,1980-04-03 00:00:00,1981-03-31 00:00:00,1982-03-28 00:00:00,1983-04-06 00:00:00,1984-04-06 00:00:00,1985-04-05 00:00:00,1986-04-03 00:00:00,1987-04-04 00:00:00,1988-04-09 00:00:00,1989-03-31 00:00:00,1990-03-29 00:00:00,1991-04-04 00:00:00,1992-04-01 00:00:00,1993-04-07 00:00:00,1994-04-05 00:00:00,1995-04-10 00:00:00,1996-04-06 00:00:00,1997-03-29 00:00:00,1998-04-04 00:00:00,1999-04-04 00:00:00,2000-04-02 00:00:00,2001-04-01 00:00:00,2002-03-29 00:00:00,2003-03-29 00:00:00,2004-04-02 00:00:00,2005-04-08 00:00:00,2006-04-03 00:00:00,2007-04-01 00:00:00,2008-04-06 00:00:00,2009-03-27 00:00:00,2010-03-31 00:00:00,2011-04-07 00:00:00,2012-04-02 00:00:00,2013-03-23 00:00:00,2014-03-27 00:00:00,2015-03-31 00:00:00,2016-03-30 00:00:00,2017-04-07 00:00:00,2018-03-26 00:00:00,2019-04-03 00:00:00,2020-04-03 00:00:00,2021-03-23 00:00:00,2022-03-29 00:00:00,2023-03-30 00:00:00,2024-04-02 00:00:00,2025-03-31 00:00:00,4  2,,33.1154683,129.7874339
Kumamoto,True,1953-04-04 00:00:00,1954-04-04 00:00:00,1955-03-30 00:00:00,1956-04-01 00:00:00,1957-04-07 00:00:00,1958-04-04 00:00:00,1959-03-29 00:00:00,1960-03-30 00:00:00,1961-03-30 00:00:00,1962-04-09 00:00:00,1963-04-05 00:00:00,1964-04-02 00:00:00,1965-04-10 00:00:00,1966-03-28 00:00:00,1967-04-03 00:00:00,1968-04-03 00:00:00,1969-04-08 00:00:00,1970-04-09 00:00:00,1971-04-04 00:00:00,1972-04-01 00:00:00,1973-04-01 00:00:00,1974-04-05 00:00:00,1975-04-04 00:00:00,1976-04-01 00:00:00,1977-03-26 00:00:00,1978-04-07 00:00:00,1979-04-03 00:00:00,1980-04-01 00:00:00,1981-03-31 00:00:00,1982-03-24 00:00:00,1983-04-03 00:00:00,1984-04-05 00:00:00,1985-04-04 00:00:00,1986-04-02 00:00:00,1987-04-03 00:00:00,1988-04-07 00:00:00,1989-03-29 00:00:00,1990-03-29 00:00:00,1991-04-03 00:00:00,1992-03-30 00:00:00,1993-04-05 00:00:00,1994-04-04 00:00:00,1995-04-08 00:00:00,1996-03-31 00:00:00,1997-03-27 00:00:00,1998-04-01 00:00:00,1999-04-03 00:00:00,2000-04-03 00:00:00,2001-04-03 00:00:00,2002-03-29 00:00:00,2003-03-31 00:00:00,2004-04-02 00:00:00,2005-04-08 00:00:00,2006-03-31 00:00:00,2007-04-02 00:00:00,2008-04-01 00:00:00,2009-03-24 00:00:00,2010-03-26 00:00:00,2011-04-07 00:00:00,2012-04-02 00:00:00,2013-03-22 00:00:00,2014-03-27 00:00:00,2015-03-31 00:00:00,2016-04-02 00:00:00,2017-04-08 00:00:00,2018-03-26 00:00:00,2019-04-04 00:00:00,2020-04-02 00:00:00,2021-03-27 00:00:00,2022-03-28 00:00:00,2023-03-29 00:00:00,2024-04-02 00:00:00,2025-03-28 00:00:00,4  1,,32.6450475,130.6341345
Kagoshima,True,1953-04-08 00:00:00,1954-04-08 00:00:00,1955-04-03 00:00:00,1956-04-02 00:00:00,1957-04-07 00:00:00,1958-04-03 00:00:00,1959-03-30 00:00:00,1960-04-03 00:00:00,1961-04-03 00:00:00,1962-04-08 00:00:00,1963-04-06 00:00:00,1964-04-03 00:00:00,1965-04-04 00:00:00,1966-03-27 00:00:00,1967-04-02 00:00:00,1968-04-04 00:00:00,1969-04-07 00:00:00,1970-04-07 00:00:00,1971-04-03 00:00:00,1972-04-01 00:00:00,1973-03-31 00:00:00,1974-04-03 00:00:00,1975-04-10 00:00:00,1976-04-01 00:00:00,1977-03-26 00:00:00,1978-04-11 00:00:00,1979-04-05 00:00:00,1980-03-30 00:00:00,1981-03-28 00:00:00,1982-03-28 00:00:00,1983-04-03 00:00:00,1984-03-31 00:00:00,1985-04-02 00:00:00,1986-03-30 00:00:00,1987-04-02 00:00:00,1988-04-08 00:00:00,1989-04-05 00:00:00,1990-03-29 00:00:00,1991-04-05 00:00:00,1992-04-03 00:00:00,1993-04-10 00:00:00,1994-04-04 00:00:00,1995-04-10 00:00:00,1996-03-31 00:00:00,1997-03-30 00:00:00,1998-04-09 00:00:00,1999-04-06 00:00:00,2000-04-06 00:00:00,2001-04-05 00:00:00,2002-04-01 00:00:00,2003-04-02 00:00:00,2004-04-06 00:00:00,2005-04-09 00:00:00,2006-03-29 00:00:00,2007-04-04 00:00:00,2008-04-12 00:00:00,2009-04-01 00:00:00,2010-04-06 00:00:00,2011-04-05 00:00:00,2012-04-05 00:00:00,2013-03-26 00:00:00,2014-03-31 00:00:00,2015-03-31 00:00:00,2016-04-06 00:00:00,2017-04-15 00:00:00,2018-03-29 00:00:00,2019-04-09 00:00:00,2020-04-19 00:00:00,2021-03-30 00:00:00,2022-04-01 00:00:00,2023-04-05 00:00:00,2024-04-12 00:00:00,2025-04-07 00:00:00,4  5,,31.521587,130.5474077
Miyazaki,True,1953-04-03 00:00:00,1954-04-06 00:00:00,1955-04-04 00:00:00,1956-04-04 00:00:00,1957-04-03 00:00:00,1958-03-30 00:00:00,1959-03-30 00:00:00,1960-03-29 00:00:00,1961-04-02 00:00:00,1962-04-07 00:00:00,1963-04-04 00:00:00,1964-04-03 00:00:00,1965-04-06 00:00:00,1966-04-01 00:00:00,1967-04-01 00:00:00,1968-03-31 00:00:00,1969-04-03 00:00:00,1970-04-07 00:00:00,1971-04-03 00:00:00,1972-03-30 00:00:00,1973-03-31 00:00:00,1974-04-02 00:00:00,1975-04-06 00:00:00,1976-04-02 00:00:00,1977-03-27 00:00:00,1978-04-09 00:00:00,1979-04-06 00:00:00,1980-04-04 00:00:00,1981-03-30 00:00:00,1982-03-24 00:00:00,1983-04-05 00:00:00,1984-04-06 00:00:00,1985-03-31 00:00:00,1986-04-02 00:00:00,1987-04-02 00:00:00,1988-04-06 00:00:00,1989-04-03 00:00:00,1990-03-29 00:00:00,1991-03-28 00:00:00,1992-04-03 00:00:00,1993-04-13 00:00:00,1994-04-05 00:00:00,1995-04-10 00:00:00,1996-04-03 00:00:00,1997-03-31 00:00:00,1998-04-01 00:00:00,1999-04-05 00:00:00,2000-04-05 00:00:00,2001-04-02 00:00:00,2002-03-29 00:00:00,2003-03-30 00:00:00,2004-04-02 00:00:00,2005-04-05 00:00:00,2006-03-30 00:00:00,2007-04-03 00:00:00,2008-04-06 00:00:00,2009-03-23 00:00:00,2010-04-02 00:00:00,2011-04-04 00:00:00,2012-04-03 00:00:00,2013-03-22 00:00:00,2014-03-28 00:00:00,2015-04-01 00:00:00,2016-04-05 00:00:00,2017-04-09 00:00:00,2018-03-26 00:00:00,2019-04-05 00:00:00,2020-04-08 00:00:00,2021-03-29 00:00:00,2022-03-28 00:00:00,2023-03-30 00:00:00,2024-04-03 00:00:00,2025-04-02 00:00:00,4  2,,32.097681,131.294542
Naze,True,1953-02-02 00:00:00,,,1956-01-24 00:00:00,1957-01-31 00:00:00,,1959-02-12 00:00:00,1960-02-05 00:00:00,,,,,,,,,,,,,,1974-01-23 00:00:00,1975-02-03 00:00:00,1976-01-30 00:00:00,1977-01-21 00:00:00,1978-02-08 00:00:00,1979-01-31 00:00:00,1980-02-01 00:00:00,1981-01-31 00:00:00,1982-01-30 00:00:00,1983-01-31 00:00:00,1984-02-02 00:00:00,1985-02-03 00:00:00,1986-01-29 00:00:00,1987-02-05 00:00:00,1988-01-18 00:00:00,1989-01-13 00:00:00,1990-01-28 00:00:00,1991-02-04 00:00:00,1992-01-28 00:00:00,1993-01-29 00:00:00,1994-01-29 00:00:00,1995-02-11 00:00:00,1996-01-22 00:00:00,1997-01-27 00:00:00,1998-01-27 00:00:00,1999-02-04 00:00:00,2000-01-31 00:00:00,2001-02-05 00:00:00,2002-01-29 00:00:00,2003-01-26 00:00:00,2004-02-01 00:00:00,2005-02-08 00:00:00,2006-01-24 00:00:00,2007-02-07 00:00:00,2008-02-02 00:00:00,2009-02-04 00:00:00,2010-02-03 00:00:00,2011-02-07 00:00:00,2012-01-30 00:00:00,2013-01-28 00:00:00,2014-01-31 00:00:00,2015-01-29 00:00:00,2016-02-02 00:00:00,2017-02-13 00:00:00,2018-02-05 00:00:00,2019-02-07 00:00:00,2020-02-07 00:00:00,2021-02-01 00:00:00,2022-01-31 00:00:00,2023-02-01 00:00:00,2024-02-02 00:00:00,,2  2,Taiwan cherry (Prunus campanulata),5.4519997,7.0566745
Ishigaki Island,True,,,,,,1958-01-27 00:00:00,1959-02-02 00:00:00,,,1962-02-20 00:00:00,1963-02-15 00:00:00,,,,1967-02-13 00:00:00,1968-01-19 00:00:00,,,1971-02-10 00:00:00,1972-02-20 00:00:00,1973-02-06 00:00:00,1974-01-20 00:00:00,,1976-01-28 00:00:00,1977-02-03 00:00:00,1978-02-18 00:00:00,1979-02-08 00:00:00,1980-02-03 00:00:00,1981-02-02 00:00:00,1982-01-24 00:00:00,1983-02-09 00:00:00,1984-01-26 00:00:00,1985-01-30 00:00:00,1986-02-02 00:00:00,1987-01-27 00:00:00,1988-01-25 00:00:00,1989-01-08 00:00:00,1990-01-30 00:00:00,1991-02-18 00:00:00,1992-01-27 00:00:00,1993-01-29 00:00:00,1994-01-30 00:00:00,1995-02-19 00:00:00,1996-01-23 00:00:00,1997-02-06 00:00:00,1998-03-01 00:00:00,1999-02-24 00:00:00,2000-02-03 00:00:00,2001-02-08 00:00:00,2002-02-01 00:00:00,2003-02-20 00:00:00,2004-02-02 00:00:00,2005-02-07 00:00:00,2006-02-02 00:00:00,2007-02-27 00:00:00,2008-02-20 00:00:00,2009-02-16 00:00:00,2010-02-08 00:00:00,2011-02-10 00:00:00,2012-02-09 00:00:00,2013-02-14 00:00:00,2014-02-10 00:00:00,2015-01-24 00:00:00,2016-03-02 00:00:00,2017-02-19 00:00:00,2018-02-07 00:00:00,2019-02-08 00:00:00,,2021-02-08 00:00:00,2022-02-22 00:00:00,,,,2 10,Taiwan cherry (Prunus campanulata),24.4710165,124.2385061
Miyakojima,True,,1954-02-14 00:00:00,,1956-02-10 00:00:00,1957-01-25 00:00:00,1958-01-28 00:00:00,1959-02-04 00:00:00,,,,,,,,,,,,,,1973-02-12 00:00:00,,1975-02-10 00:00:00,,,,,,1981-02-08 00:00:00,1982-02-13 00:00:00,1983-02-15 00:00:00,1984-01-31 00:00:00,1985-02-06 00:00:00,1986-02-01 00:00:00,1987-02-01 00:00:00,1988-02-08 00:00:00,1989-02-17 00:00:00,1990-02-09 00:00:00,1991-03-02 00:00:00,1992-02-08 00:00:00,1993-02-18 00:00:00,1994-02-14 00:00:00,1995-02-18 00:00:00,1996-01-25 00:00:00,1997-01-27 00:00:00,1998-02-01 00:00:00,1999-02-19 00:00:00,2000-01-23 00:00:00,2001-02-09 00:00:00,2002-02-04 00:00:00,2003-02-03 00:00:00,2004-03-01 00:00:00,2005-02-16 00:00:00,2006-01-31 00:00:00,2007-02-19 00:00:00,2008-02-21 00:00:00,2009-02-07 00:00:00,2010-01-31 00:00:00,2011-01-28 00:00:00,2012-01-30 00:00:00,2013-02-01 00:00:00,2014-02-03 00:00:00,2015-02-04 00:00:00,2016-02-25 00:00:00,2017-02-27 00:00:00,2018-02-08 00:00:00,,,2021-02-10 00:00:00,2022-02-08 00:00:00,2023-02-03 00:00:00,2024-02-02 00:00:00,2025-02-04 00:00:00,2  9,Taiwan cherry (Prunus campanulata),24.8054647,125.2811296
Naha,True,,,,,,,,,,,,,,,,,,,,,,,,1976-01-28 00:00:00,,1978-01-28 00:00:00,1979-01-25 00:00:00,1980-02-19 00:00:00,1981-02-03 00:00:00,1982-01-24 00:00:00,1983-02-04 00:00:00,1984-02-04 00:00:00,1985-02-04 00:00:00,1986-01-26 00:00:00,1987-02-10 00:00:00,1988-02-11 00:00:00,1989-01-28 00:00:00,1990-01-31 00:00:00,1991-02-10 00:00:00,1992-02-10 00:00:00,1993-02-07 00:00:00,1994-02-04 00:00:00,1995-02-18 00:00:00,1996-02-02 00:00:00,1997-02-01 00:00:00,1998-01-28 00:00:00,1999-02-15 00:00:00,2000-02-03 00:00:00,2001-02-05 00:00:00,2002-02-05 00:00:00,2003-02-07 00:00:00,2004-02-10 00:00:00,2005-02-14 00:00:00,2006-01-24 00:00:00,2007-02-16 00:00:00,2008-01-25 00:00:00,2009-01-23 00:00:00,2010-02-01 00:00:00,2011-02-02 00:00:00,2012-02-06 00:00:00,2013-01-23 00:00:00,2014-01-27 00:00:00,2015-01-29 00:00:00,2016-02-12 00:00:00,2017-02-08 00:00:00,2018-01-30 00:00:00,2019-02-12 00:00:00,2020-02-03 00:00:00,2021-02-01 00:00:00,2022-02-01 00:00:00,2023-01-30 00:00:00,2024-02-05 00:00:00,,2  4,Taiwan cherry (Prunus campanulata),58.1773741,27.4576502
Minami Daito Island,True,,,,,,,,,,,,,,,,,,,1971-02-03 00:00:00,1972-01-27 00:00:00,,,1975-02-01 00:00:00,,1977-01-31 00:00:00,,1979-02-03 00:00:00,1980-02-09 00:00:00,1981-01-28 00:00:00,1982-01-29 00:00:00,1983-01-29 00:00:00,1984-01-24 00:00:00,1985-01-28 00:00:00,1986-01-24 00:00:00,1987-01-30 00:00:00,,1989-01-30 00:00:00,1990-01-24 00:00:00,1991-02-03 00:00:00,1992-02-01 00:00:00,1993-01-23 00:00:00,1994-01-30 00:00:00,1995-02-10 00:00:00,1996-02-03 00:00:00,1997-02-20 00:00:00,,1999-02-12 00:00:00,2000-01-27 00:00:00,2001-01-29 00:00:00,2002-01-29 00:00:00,2003-02-05 00:00:00,2004-02-07 00:00:00,2005-02-18 00:00:00,2006-01-27 00:00:00,2007-02-14 00:00:00,2008-02-04 00:00:00,2009-02-09 00:00:00,2010-02-15 00:00:00,2011-02-04 00:00:00,2012-02-01 00:00:00,2013-01-21 00:00:00,2014-01-22 00:00:00,2015-02-13 00:00:00,2016-03-01 00:00:00,2017-02-14 00:00:00,2018-01-29 00:00:00,2019-02-12 00:00:00,,,2022-02-10 00:00:00,,,,2  5,Taiwan cherry (Prunus campanulata),,
